[0.365s] [34mcolcon[0m [1;30mDEBUG[0m [32mCommand line arguments: ['/usr/bin/colcon', 'build'][0m
[0.366s] [34mcolcon[0m [1;30mDEBUG[0m [32mParsed command line arguments: Namespace(log_base=None, log_level=None, verb_name='build', build_base='build', install_base='install', merge_install=False, symlink_install=False, test_result_base=None, continue_on_error=False, executor='parallel', parallel_workers=24, event_handlers=None, ignore_user_meta=False, metas=['./colcon.meta'], base_paths=['.'], packages_ignore=None, packages_ignore_regex=None, paths=None, packages_up_to=None, packages_up_to_regex=None, packages_above=None, packages_above_and_dependencies=None, packages_above_depth=None, packages_select_by_dep=None, packages_skip_by_dep=None, packages_skip_up_to=None, packages_select_build_failed=False, packages_skip_build_finished=False, packages_select_test_failures=False, packages_skip_test_passed=False, packages_select=None, packages_skip=None, packages_select_regex=None, packages_skip_regex=None, packages_start=None, packages_end=None, allow_overriding=[], cmake_args=None, cmake_target=None, cmake_target_skip_unavailable=False, cmake_clean_cache=False, cmake_clean_first=False, cmake_force_configure=False, ament_cmake_args=None, catkin_cmake_args=None, catkin_skip_building_tests=False, verb_parser=<colcon_defaults.argument_parser.defaults.DefaultArgumentsDecorator object at 0x7f95b8bd9c90>, verb_extension=<colcon_core.verb.build.BuildVerb object at 0x7f95b8bd8e50>, main=<bound method BuildVerb.main of <colcon_core.verb.build.BuildVerb object at 0x7f95b8bd8e50>>)[0m
[0.649s] [34mcolcon.colcon_core.package_discovery[0m [1;30mLevel 1[0m discover_packages(colcon_meta) check parameters
[0.649s] [34mcolcon.colcon_core.package_discovery[0m [1;30mLevel 1[0m discover_packages(recursive) check parameters
[0.649s] [34mcolcon.colcon_core.package_discovery[0m [1;30mLevel 1[0m discover_packages(ignore) check parameters
[0.649s] [34mcolcon.colcon_core.package_discovery[0m [1;30mLevel 1[0m discover_packages(path) check parameters
[0.650s] [34mcolcon.colcon_core.package_discovery[0m [1;30mLevel 1[0m discover_packages(colcon_meta) discover
[0.650s] [34mcolcon.colcon_core.package_discovery[0m [1;30mLevel 1[0m discover_packages(recursive) discover
[0.650s] [34mcolcon.colcon_core.package_discovery[0m [1;30mINFO[0m Crawling recursively for packages in '/home/yuan/arm_ws'
[0.650s] [34mcolcon.colcon_core.package_identification[0m [1;30mLevel 1[0m _identify(.) by extensions ['ignore', 'ignore_ament_install']
[0.650s] [34mcolcon.colcon_core.package_identification[0m [1;30mLevel 1[0m _identify(.) by extension 'ignore'
[0.650s] [34mcolcon.colcon_core.package_identification[0m [1;30mLevel 1[0m _identify(.) by extension 'ignore_ament_install'
[0.650s] [34mcolcon.colcon_core.package_identification[0m [1;30mLevel 1[0m _identify(.) by extensions ['colcon_pkg']
[0.650s] [34mcolcon.colcon_core.package_identification[0m [1;30mLevel 1[0m _identify(.) by extension 'colcon_pkg'
[0.650s] [34mcolcon.colcon_core.package_identification[0m [1;30mLevel 1[0m _identify(.) by extensions ['colcon_meta']
[0.650s] [34mcolcon.colcon_core.package_identification[0m [1;30mLevel 1[0m _identify(.) by extension 'colcon_meta'
[0.650s] [34mcolcon.colcon_core.package_identification[0m [1;30mLevel 1[0m _identify(.) by extensions ['ros']
[0.650s] [34mcolcon.colcon_core.package_identification[0m [1;30mLevel 1[0m _identify(.) by extension 'ros'
[0.661s] [34mcolcon.colcon_core.package_identification[0m [1;30mLevel 1[0m _identify(.) by extensions ['cmake', 'python']
[0.661s] [34mcolcon.colcon_core.package_identification[0m [1;30mLevel 1[0m _identify(.) by extension 'cmake'
[0.661s] [34mcolcon.colcon_core.package_identification[0m [1;30mLevel 1[0m _identify(.) by extension 'python'
[0.661s] [34mcolcon.colcon_core.package_identification[0m [1;30mLevel 1[0m _identify(.) by extensions ['python_setup_py']
[0.661s] [34mcolcon.colcon_core.package_identification[0m [1;30mLevel 1[0m _identify(.) by extension 'python_setup_py'
[0.661s] [34mcolcon.colcon_core.package_identification[0m [1;30mLevel 1[0m _identify(build) by extensions ['ignore', 'ignore_ament_install']
[0.661s] [34mcolcon.colcon_core.package_identification[0m [1;30mLevel 1[0m _identify(build) by extension 'ignore'
[0.661s] [34mcolcon.colcon_core.package_identification[0m [1;30mLevel 1[0m _identify(build) ignored
[0.662s] [34mcolcon.colcon_core.package_identification[0m [1;30mLevel 1[0m _identify(install) by extensions ['ignore', 'ignore_ament_install']
[0.662s] [34mcolcon.colcon_core.package_identification[0m [1;30mLevel 1[0m _identify(install) by extension 'ignore'
[0.662s] [34mcolcon.colcon_core.package_identification[0m [1;30mLevel 1[0m _identify(install) ignored
[0.662s] [34mcolcon.colcon_core.package_identification[0m [1;30mLevel 1[0m _identify(log) by extensions ['ignore', 'ignore_ament_install']
[0.662s] [34mcolcon.colcon_core.package_identification[0m [1;30mLevel 1[0m _identify(log) by extension 'ignore'
[0.662s] [34mcolcon.colcon_core.package_identification[0m [1;30mLevel 1[0m _identify(log) ignored
[0.662s] [34mcolcon.colcon_core.package_identification[0m [1;30mLevel 1[0m _identify(src) by extensions ['ignore', 'ignore_ament_install']
[0.662s] [34mcolcon.colcon_core.package_identification[0m [1;30mLevel 1[0m _identify(src) by extension 'ignore'
[0.662s] [34mcolcon.colcon_core.package_identification[0m [1;30mLevel 1[0m _identify(src) by extension 'ignore_ament_install'
[0.662s] [34mcolcon.colcon_core.package_identification[0m [1;30mLevel 1[0m _identify(src) by extensions ['colcon_pkg']
[0.662s] [34mcolcon.colcon_core.package_identification[0m [1;30mLevel 1[0m _identify(src) by extension 'colcon_pkg'
[0.662s] [34mcolcon.colcon_core.package_identification[0m [1;30mLevel 1[0m _identify(src) by extensions ['colcon_meta']
[0.662s] [34mcolcon.colcon_core.package_identification[0m [1;30mLevel 1[0m _identify(src) by extension 'colcon_meta'
[0.662s] [34mcolcon.colcon_core.package_identification[0m [1;30mLevel 1[0m _identify(src) by extensions ['ros']
[0.662s] [34mcolcon.colcon_core.package_identification[0m [1;30mLevel 1[0m _identify(src) by extension 'ros'
[0.662s] [34mcolcon.colcon_core.package_identification[0m [1;30mLevel 1[0m _identify(src) by extensions ['cmake', 'python']
[0.662s] [34mcolcon.colcon_core.package_identification[0m [1;30mLevel 1[0m _identify(src) by extension 'cmake'
[0.662s] [34mcolcon.colcon_core.package_identification[0m [1;30mLevel 1[0m _identify(src) by extension 'python'
[0.662s] [34mcolcon.colcon_core.package_identification[0m [1;30mLevel 1[0m _identify(src) by extensions ['python_setup_py']
[0.662s] [34mcolcon.colcon_core.package_identification[0m [1;30mLevel 1[0m _identify(src) by extension 'python_setup_py'
[0.663s] [34mcolcon.colcon_core.package_identification[0m [1;30mLevel 1[0m _identify(src/openarm_description) by extensions ['ignore', 'ignore_ament_install']
[0.663s] [34mcolcon.colcon_core.package_identification[0m [1;30mLevel 1[0m _identify(src/openarm_description) by extension 'ignore'
[0.663s] [34mcolcon.colcon_core.package_identification[0m [1;30mLevel 1[0m _identify(src/openarm_description) by extension 'ignore_ament_install'
[0.663s] [34mcolcon.colcon_core.package_identification[0m [1;30mLevel 1[0m _identify(src/openarm_description) by extensions ['colcon_pkg']
[0.663s] [34mcolcon.colcon_core.package_identification[0m [1;30mLevel 1[0m _identify(src/openarm_description) by extension 'colcon_pkg'
[0.663s] [34mcolcon.colcon_core.package_identification[0m [1;30mLevel 1[0m _identify(src/openarm_description) by extensions ['colcon_meta']
[0.663s] [34mcolcon.colcon_core.package_identification[0m [1;30mLevel 1[0m _identify(src/openarm_description) by extension 'colcon_meta'
[0.663s] [34mcolcon.colcon_core.package_identification[0m [1;30mLevel 1[0m _identify(src/openarm_description) by extensions ['ros']
[0.663s] [34mcolcon.colcon_core.package_identification[0m [1;30mLevel 1[0m _identify(src/openarm_description) by extension 'ros'
[0.666s] [34mcolcon.colcon_core.package_identification[0m [1;30mDEBUG[0m [32mPackage 'src/openarm_description' with type 'ros.ament_cmake' and name 'openarm_description'[0m
[0.666s] [34mcolcon.colcon_core.package_identification[0m [1;30mLevel 1[0m _identify(src/openarm_mujoco) by extensions ['ignore', 'ignore_ament_install']
[0.666s] [34mcolcon.colcon_core.package_identification[0m [1;30mLevel 1[0m _identify(src/openarm_mujoco) by extension 'ignore'
[0.666s] [34mcolcon.colcon_core.package_identification[0m [1;30mLevel 1[0m _identify(src/openarm_mujoco) by extension 'ignore_ament_install'
[0.666s] [34mcolcon.colcon_core.package_identification[0m [1;30mLevel 1[0m _identify(src/openarm_mujoco) by extensions ['colcon_pkg']
[0.666s] [34mcolcon.colcon_core.package_identification[0m [1;30mLevel 1[0m _identify(src/openarm_mujoco) by extension 'colcon_pkg'
[0.667s] [34mcolcon.colcon_core.package_identification[0m [1;30mLevel 1[0m _identify(src/openarm_mujoco) by extensions ['colcon_meta']
[0.667s] [34mcolcon.colcon_core.package_identification[0m [1;30mLevel 1[0m _identify(src/openarm_mujoco) by extension 'colcon_meta'
[0.667s] [34mcolcon.colcon_core.package_identification[0m [1;30mLevel 1[0m _identify(src/openarm_mujoco) by extensions ['ros']
[0.667s] [34mcolcon.colcon_core.package_identification[0m [1;30mLevel 1[0m _identify(src/openarm_mujoco) by extension 'ros'
[0.667s] [34mcolcon.colcon_core.package_identification[0m [1;30mLevel 1[0m _identify(src/openarm_mujoco) by extensions ['cmake', 'python']
[0.667s] [34mcolcon.colcon_core.package_identification[0m [1;30mLevel 1[0m _identify(src/openarm_mujoco) by extension 'cmake'
[0.667s] [34mcolcon.colcon_core.package_identification[0m [1;30mLevel 1[0m _identify(src/openarm_mujoco) by extension 'python'
[0.667s] [34mcolcon.colcon_core.package_identification[0m [1;30mLevel 1[0m _identify(src/openarm_mujoco) by extensions ['python_setup_py']
[0.667s] [34mcolcon.colcon_core.package_identification[0m [1;30mLevel 1[0m _identify(src/openarm_mujoco) by extension 'python_setup_py'
[0.667s] [34mcolcon.colcon_core.package_identification[0m [1;30mLevel 1[0m _identify(src/openarm_mujoco/v0.3) by extensions ['ignore', 'ignore_ament_install']
[0.667s] [34mcolcon.colcon_core.package_identification[0m [1;30mLevel 1[0m _identify(src/openarm_mujoco/v0.3) by extension 'ignore'
[0.667s] [34mcolcon.colcon_core.package_identification[0m [1;30mLevel 1[0m _identify(src/openarm_mujoco/v0.3) by extension 'ignore_ament_install'
[0.667s] [34mcolcon.colcon_core.package_identification[0m [1;30mLevel 1[0m _identify(src/openarm_mujoco/v0.3) by extensions ['colcon_pkg']
[0.668s] [34mcolcon.colcon_core.package_identification[0m [1;30mLevel 1[0m _identify(src/openarm_mujoco/v0.3) by extension 'colcon_pkg'
[0.668s] [34mcolcon.colcon_core.package_identification[0m [1;30mLevel 1[0m _identify(src/openarm_mujoco/v0.3) by extensions ['colcon_meta']
[0.668s] [34mcolcon.colcon_core.package_identification[0m [1;30mLevel 1[0m _identify(src/openarm_mujoco/v0.3) by extension 'colcon_meta'
[0.668s] [34mcolcon.colcon_core.package_identification[0m [1;30mLevel 1[0m _identify(src/openarm_mujoco/v0.3) by extensions ['ros']
[0.668s] [34mcolcon.colcon_core.package_identification[0m [1;30mLevel 1[0m _identify(src/openarm_mujoco/v0.3) by extension 'ros'
[0.668s] [34mcolcon.colcon_core.package_identification[0m [1;30mLevel 1[0m _identify(src/openarm_mujoco/v0.3) by extensions ['cmake', 'python']
[0.668s] [34mcolcon.colcon_core.package_identification[0m [1;30mLevel 1[0m _identify(src/openarm_mujoco/v0.3) by extension 'cmake'
[0.668s] [34mcolcon.colcon_core.package_identification[0m [1;30mLevel 1[0m _identify(src/openarm_mujoco/v0.3) by extension 'python'
[0.668s] [34mcolcon.colcon_core.package_identification[0m [1;30mLevel 1[0m _identify(src/openarm_mujoco/v0.3) by extensions ['python_setup_py']
[0.668s] [34mcolcon.colcon_core.package_identification[0m [1;30mLevel 1[0m _identify(src/openarm_mujoco/v0.3) by extension 'python_setup_py'
[0.668s] [34mcolcon.colcon_core.package_identification[0m [1;30mLevel 1[0m _identify(src/openarm_mujoco/v0.3/meshes) by extensions ['ignore', 'ignore_ament_install']
[0.668s] [34mcolcon.colcon_core.package_identification[0m [1;30mLevel 1[0m _identify(src/openarm_mujoco/v0.3/meshes) by extension 'ignore'
[0.668s] [34mcolcon.colcon_core.package_identification[0m [1;30mLevel 1[0m _identify(src/openarm_mujoco/v0.3/meshes) by extension 'ignore_ament_install'
[0.668s] [34mcolcon.colcon_core.package_identification[0m [1;30mLevel 1[0m _identify(src/openarm_mujoco/v0.3/meshes) by extensions ['colcon_pkg']
[0.668s] [34mcolcon.colcon_core.package_identification[0m [1;30mLevel 1[0m _identify(src/openarm_mujoco/v0.3/meshes) by extension 'colcon_pkg'
[0.668s] [34mcolcon.colcon_core.package_identification[0m [1;30mLevel 1[0m _identify(src/openarm_mujoco/v0.3/meshes) by extensions ['colcon_meta']
[0.668s] [34mcolcon.colcon_core.package_identification[0m [1;30mLevel 1[0m _identify(src/openarm_mujoco/v0.3/meshes) by extension 'colcon_meta'
[0.669s] [34mcolcon.colcon_core.package_identification[0m [1;30mLevel 1[0m _identify(src/openarm_mujoco/v0.3/meshes) by extensions ['ros']
[0.669s] [34mcolcon.colcon_core.package_identification[0m [1;30mLevel 1[0m _identify(src/openarm_mujoco/v0.3/meshes) by extension 'ros'
[0.669s] [34mcolcon.colcon_core.package_identification[0m [1;30mLevel 1[0m _identify(src/openarm_mujoco/v0.3/meshes) by extensions ['cmake', 'python']
[0.669s] [34mcolcon.colcon_core.package_identification[0m [1;30mLevel 1[0m _identify(src/openarm_mujoco/v0.3/meshes) by extension 'cmake'
[0.669s] [34mcolcon.colcon_core.package_identification[0m [1;30mLevel 1[0m _identify(src/openarm_mujoco/v0.3/meshes) by extension 'python'
[0.669s] [34mcolcon.colcon_core.package_identification[0m [1;30mLevel 1[0m _identify(src/openarm_mujoco/v0.3/meshes) by extensions ['python_setup_py']
[0.669s] [34mcolcon.colcon_core.package_identification[0m [1;30mLevel 1[0m _identify(src/openarm_mujoco/v0.3/meshes) by extension 'python_setup_py'
[0.669s] [34mcolcon.colcon_core.package_identification[0m [1;30mLevel 1[0m _identify(src/openarm_mujoco/v1) by extensions ['ignore', 'ignore_ament_install']
[0.669s] [34mcolcon.colcon_core.package_identification[0m [1;30mLevel 1[0m _identify(src/openarm_mujoco/v1) by extension 'ignore'
[0.669s] [34mcolcon.colcon_core.package_identification[0m [1;30mLevel 1[0m _identify(src/openarm_mujoco/v1) by extension 'ignore_ament_install'
[0.669s] [34mcolcon.colcon_core.package_identification[0m [1;30mLevel 1[0m _identify(src/openarm_mujoco/v1) by extensions ['colcon_pkg']
[0.669s] [34mcolcon.colcon_core.package_identification[0m [1;30mLevel 1[0m _identify(src/openarm_mujoco/v1) by extension 'colcon_pkg'
[0.669s] [34mcolcon.colcon_core.package_identification[0m [1;30mLevel 1[0m _identify(src/openarm_mujoco/v1) by extensions ['colcon_meta']
[0.669s] [34mcolcon.colcon_core.package_identification[0m [1;30mLevel 1[0m _identify(src/openarm_mujoco/v1) by extension 'colcon_meta'
[0.669s] [34mcolcon.colcon_core.package_identification[0m [1;30mLevel 1[0m _identify(src/openarm_mujoco/v1) by extensions ['ros']
[0.669s] [34mcolcon.colcon_core.package_identification[0m [1;30mLevel 1[0m _identify(src/openarm_mujoco/v1) by extension 'ros'
[0.669s] [34mcolcon.colcon_core.package_identification[0m [1;30mLevel 1[0m _identify(src/openarm_mujoco/v1) by extensions ['cmake', 'python']
[0.669s] [34mcolcon.colcon_core.package_identification[0m [1;30mLevel 1[0m _identify(src/openarm_mujoco/v1) by extension 'cmake'
[0.670s] [34mcolcon.colcon_core.package_identification[0m [1;30mLevel 1[0m _identify(src/openarm_mujoco/v1) by extension 'python'
[0.670s] [34mcolcon.colcon_core.package_identification[0m [1;30mLevel 1[0m _identify(src/openarm_mujoco/v1) by extensions ['python_setup_py']
[0.670s] [34mcolcon.colcon_core.package_identification[0m [1;30mLevel 1[0m _identify(src/openarm_mujoco/v1) by extension 'python_setup_py'
[0.670s] [34mcolcon.colcon_core.package_identification[0m [1;30mLevel 1[0m _identify(src/openarm_mujoco/v1/meshes) by extensions ['ignore', 'ignore_ament_install']
[0.670s] [34mcolcon.colcon_core.package_identification[0m [1;30mLevel 1[0m _identify(src/openarm_mujoco/v1/meshes) by extension 'ignore'
[0.670s] [34mcolcon.colcon_core.package_identification[0m [1;30mLevel 1[0m _identify(src/openarm_mujoco/v1/meshes) by extension 'ignore_ament_install'
[0.670s] [34mcolcon.colcon_core.package_identification[0m [1;30mLevel 1[0m _identify(src/openarm_mujoco/v1/meshes) by extensions ['colcon_pkg']
[0.670s] [34mcolcon.colcon_core.package_identification[0m [1;30mLevel 1[0m _identify(src/openarm_mujoco/v1/meshes) by extension 'colcon_pkg'
[0.670s] [34mcolcon.colcon_core.package_identification[0m [1;30mLevel 1[0m _identify(src/openarm_mujoco/v1/meshes) by extensions ['colcon_meta']
[0.670s] [34mcolcon.colcon_core.package_identification[0m [1;30mLevel 1[0m _identify(src/openarm_mujoco/v1/meshes) by extension 'colcon_meta'
[0.670s] [34mcolcon.colcon_core.package_identification[0m [1;30mLevel 1[0m _identify(src/openarm_mujoco/v1/meshes) by extensions ['ros']
[0.670s] [34mcolcon.colcon_core.package_identification[0m [1;30mLevel 1[0m _identify(src/openarm_mujoco/v1/meshes) by extension 'ros'
[0.670s] [34mcolcon.colcon_core.package_identification[0m [1;30mLevel 1[0m _identify(src/openarm_mujoco/v1/meshes) by extensions ['cmake', 'python']
[0.670s] [34mcolcon.colcon_core.package_identification[0m [1;30mLevel 1[0m _identify(src/openarm_mujoco/v1/meshes) by extension 'cmake'
[0.670s] [34mcolcon.colcon_core.package_identification[0m [1;30mLevel 1[0m _identify(src/openarm_mujoco/v1/meshes) by extension 'python'
[0.670s] [34mcolcon.colcon_core.package_identification[0m [1;30mLevel 1[0m _identify(src/openarm_mujoco/v1/meshes) by extensions ['python_setup_py']
[0.670s] [34mcolcon.colcon_core.package_identification[0m [1;30mLevel 1[0m _identify(src/openarm_mujoco/v1/meshes) by extension 'python_setup_py'
[0.671s] [34mcolcon.colcon_core.package_identification[0m [1;30mLevel 1[0m _identify(src/openarm_mujoco/v1/meshes/assets) by extensions ['ignore', 'ignore_ament_install']
[0.671s] [34mcolcon.colcon_core.package_identification[0m [1;30mLevel 1[0m _identify(src/openarm_mujoco/v1/meshes/assets) by extension 'ignore'
[0.671s] [34mcolcon.colcon_core.package_identification[0m [1;30mLevel 1[0m _identify(src/openarm_mujoco/v1/meshes/assets) by extension 'ignore_ament_install'
[0.671s] [34mcolcon.colcon_core.package_identification[0m [1;30mLevel 1[0m _identify(src/openarm_mujoco/v1/meshes/assets) by extensions ['colcon_pkg']
[0.671s] [34mcolcon.colcon_core.package_identification[0m [1;30mLevel 1[0m _identify(src/openarm_mujoco/v1/meshes/assets) by extension 'colcon_pkg'
[0.671s] [34mcolcon.colcon_core.package_identification[0m [1;30mLevel 1[0m _identify(src/openarm_mujoco/v1/meshes/assets) by extensions ['colcon_meta']
[0.671s] [34mcolcon.colcon_core.package_identification[0m [1;30mLevel 1[0m _identify(src/openarm_mujoco/v1/meshes/assets) by extension 'colcon_meta'
[0.671s] [34mcolcon.colcon_core.package_identification[0m [1;30mLevel 1[0m _identify(src/openarm_mujoco/v1/meshes/assets) by extensions ['ros']
[0.671s] [34mcolcon.colcon_core.package_identification[0m [1;30mLevel 1[0m _identify(src/openarm_mujoco/v1/meshes/assets) by extension 'ros'
[0.671s] [34mcolcon.colcon_core.package_identification[0m [1;30mLevel 1[0m _identify(src/openarm_mujoco/v1/meshes/assets) by extensions ['cmake', 'python']
[0.671s] [34mcolcon.colcon_core.package_identification[0m [1;30mLevel 1[0m _identify(src/openarm_mujoco/v1/meshes/assets) by extension 'cmake'
[0.671s] [34mcolcon.colcon_core.package_identification[0m [1;30mLevel 1[0m _identify(src/openarm_mujoco/v1/meshes/assets) by extension 'python'
[0.671s] [34mcolcon.colcon_core.package_identification[0m [1;30mLevel 1[0m _identify(src/openarm_mujoco/v1/meshes/assets) by extensions ['python_setup_py']
[0.671s] [34mcolcon.colcon_core.package_identification[0m [1;30mLevel 1[0m _identify(src/openarm_mujoco/v1/meshes/assets) by extension 'python_setup_py'
[0.671s] [34mcolcon.colcon_core.package_identification[0m [1;30mLevel 1[0m _identify(src/openarm_mujoco/v1/meshes/assets/011_banana) by extensions ['ignore', 'ignore_ament_install']
[0.672s] [34mcolcon.colcon_core.package_identification[0m [1;30mLevel 1[0m _identify(src/openarm_mujoco/v1/meshes/assets/011_banana) by extension 'ignore'
[0.672s] [34mcolcon.colcon_core.package_identification[0m [1;30mLevel 1[0m _identify(src/openarm_mujoco/v1/meshes/assets/011_banana) by extension 'ignore_ament_install'
[0.672s] [34mcolcon.colcon_core.package_identification[0m [1;30mLevel 1[0m _identify(src/openarm_mujoco/v1/meshes/assets/011_banana) by extensions ['colcon_pkg']
[0.672s] [34mcolcon.colcon_core.package_identification[0m [1;30mLevel 1[0m _identify(src/openarm_mujoco/v1/meshes/assets/011_banana) by extension 'colcon_pkg'
[0.672s] [34mcolcon.colcon_core.package_identification[0m [1;30mLevel 1[0m _identify(src/openarm_mujoco/v1/meshes/assets/011_banana) by extensions ['colcon_meta']
[0.672s] [34mcolcon.colcon_core.package_identification[0m [1;30mLevel 1[0m _identify(src/openarm_mujoco/v1/meshes/assets/011_banana) by extension 'colcon_meta'
[0.672s] [34mcolcon.colcon_core.package_identification[0m [1;30mLevel 1[0m _identify(src/openarm_mujoco/v1/meshes/assets/011_banana) by extensions ['ros']
[0.672s] [34mcolcon.colcon_core.package_identification[0m [1;30mLevel 1[0m _identify(src/openarm_mujoco/v1/meshes/assets/011_banana) by extension 'ros'
[0.672s] [34mcolcon.colcon_core.package_identification[0m [1;30mLevel 1[0m _identify(src/openarm_mujoco/v1/meshes/assets/011_banana) by extensions ['cmake', 'python']
[0.672s] [34mcolcon.colcon_core.package_identification[0m [1;30mLevel 1[0m _identify(src/openarm_mujoco/v1/meshes/assets/011_banana) by extension 'cmake'
[0.672s] [34mcolcon.colcon_core.package_identification[0m [1;30mLevel 1[0m _identify(src/openarm_mujoco/v1/meshes/assets/011_banana) by extension 'python'
[0.672s] [34mcolcon.colcon_core.package_identification[0m [1;30mLevel 1[0m _identify(src/openarm_mujoco/v1/meshes/assets/011_banana) by extensions ['python_setup_py']
[0.672s] [34mcolcon.colcon_core.package_identification[0m [1;30mLevel 1[0m _identify(src/openarm_mujoco/v1/meshes/assets/011_banana) by extension 'python_setup_py'
[0.672s] [34mcolcon.colcon_core.package_identification[0m [1;30mLevel 1[0m _identify(src/openarm_mujoco/v1/meshes/collision) by extensions ['ignore', 'ignore_ament_install']
[0.672s] [34mcolcon.colcon_core.package_identification[0m [1;30mLevel 1[0m _identify(src/openarm_mujoco/v1/meshes/collision) by extension 'ignore'
[0.672s] [34mcolcon.colcon_core.package_identification[0m [1;30mLevel 1[0m _identify(src/openarm_mujoco/v1/meshes/collision) by extension 'ignore_ament_install'
[0.673s] [34mcolcon.colcon_core.package_identification[0m [1;30mLevel 1[0m _identify(src/openarm_mujoco/v1/meshes/collision) by extensions ['colcon_pkg']
[0.673s] [34mcolcon.colcon_core.package_identification[0m [1;30mLevel 1[0m _identify(src/openarm_mujoco/v1/meshes/collision) by extension 'colcon_pkg'
[0.673s] [34mcolcon.colcon_core.package_identification[0m [1;30mLevel 1[0m _identify(src/openarm_mujoco/v1/meshes/collision) by extensions ['colcon_meta']
[0.673s] [34mcolcon.colcon_core.package_identification[0m [1;30mLevel 1[0m _identify(src/openarm_mujoco/v1/meshes/collision) by extension 'colcon_meta'
[0.673s] [34mcolcon.colcon_core.package_identification[0m [1;30mLevel 1[0m _identify(src/openarm_mujoco/v1/meshes/collision) by extensions ['ros']
[0.673s] [34mcolcon.colcon_core.package_identification[0m [1;30mLevel 1[0m _identify(src/openarm_mujoco/v1/meshes/collision) by extension 'ros'
[0.673s] [34mcolcon.colcon_core.package_identification[0m [1;30mLevel 1[0m _identify(src/openarm_mujoco/v1/meshes/collision) by extensions ['cmake', 'python']
[0.673s] [34mcolcon.colcon_core.package_identification[0m [1;30mLevel 1[0m _identify(src/openarm_mujoco/v1/meshes/collision) by extension 'cmake'
[0.673s] [34mcolcon.colcon_core.package_identification[0m [1;30mLevel 1[0m _identify(src/openarm_mujoco/v1/meshes/collision) by extension 'python'
[0.673s] [34mcolcon.colcon_core.package_identification[0m [1;30mLevel 1[0m _identify(src/openarm_mujoco/v1/meshes/collision) by extensions ['python_setup_py']
[0.673s] [34mcolcon.colcon_core.package_identification[0m [1;30mLevel 1[0m _identify(src/openarm_mujoco/v1/meshes/collision) by extension 'python_setup_py'
[0.674s] [34mcolcon.colcon_core.package_identification[0m [1;30mLevel 1[0m _identify(src/openarm_mujoco/v1/meshes/collision/arm) by extensions ['ignore', 'ignore_ament_install']
[0.674s] [34mcolcon.colcon_core.package_identification[0m [1;30mLevel 1[0m _identify(src/openarm_mujoco/v1/meshes/collision/arm) by extension 'ignore'
[0.674s] [34mcolcon.colcon_core.package_identification[0m [1;30mLevel 1[0m _identify(src/openarm_mujoco/v1/meshes/collision/arm) by extension 'ignore_ament_install'
[0.674s] [34mcolcon.colcon_core.package_identification[0m [1;30mLevel 1[0m _identify(src/openarm_mujoco/v1/meshes/collision/arm) by extensions ['colcon_pkg']
[0.674s] [34mcolcon.colcon_core.package_identification[0m [1;30mLevel 1[0m _identify(src/openarm_mujoco/v1/meshes/collision/arm) by extension 'colcon_pkg'
[0.674s] [34mcolcon.colcon_core.package_identification[0m [1;30mLevel 1[0m _identify(src/openarm_mujoco/v1/meshes/collision/arm) by extensions ['colcon_meta']
[0.674s] [34mcolcon.colcon_core.package_identification[0m [1;30mLevel 1[0m _identify(src/openarm_mujoco/v1/meshes/collision/arm) by extension 'colcon_meta'
[0.674s] [34mcolcon.colcon_core.package_identification[0m [1;30mLevel 1[0m _identify(src/openarm_mujoco/v1/meshes/collision/arm) by extensions ['ros']
[0.674s] [34mcolcon.colcon_core.package_identification[0m [1;30mLevel 1[0m _identify(src/openarm_mujoco/v1/meshes/collision/arm) by extension 'ros'
[0.674s] [34mcolcon.colcon_core.package_identification[0m [1;30mLevel 1[0m _identify(src/openarm_mujoco/v1/meshes/collision/arm) by extensions ['cmake', 'python']
[0.674s] [34mcolcon.colcon_core.package_identification[0m [1;30mLevel 1[0m _identify(src/openarm_mujoco/v1/meshes/collision/arm) by extension 'cmake'
[0.674s] [34mcolcon.colcon_core.package_identification[0m [1;30mLevel 1[0m _identify(src/openarm_mujoco/v1/meshes/collision/arm) by extension 'python'
[0.674s] [34mcolcon.colcon_core.package_identification[0m [1;30mLevel 1[0m _identify(src/openarm_mujoco/v1/meshes/collision/arm) by extensions ['python_setup_py']
[0.674s] [34mcolcon.colcon_core.package_identification[0m [1;30mLevel 1[0m _identify(src/openarm_mujoco/v1/meshes/collision/arm) by extension 'python_setup_py'
[0.674s] [34mcolcon.colcon_core.package_identification[0m [1;30mLevel 1[0m _identify(src/openarm_mujoco/v1/meshes/collision/body) by extensions ['ignore', 'ignore_ament_install']
[0.674s] [34mcolcon.colcon_core.package_identification[0m [1;30mLevel 1[0m _identify(src/openarm_mujoco/v1/meshes/collision/body) by extension 'ignore'
[0.674s] [34mcolcon.colcon_core.package_identification[0m [1;30mLevel 1[0m _identify(src/openarm_mujoco/v1/meshes/collision/body) by extension 'ignore_ament_install'
[0.675s] [34mcolcon.colcon_core.package_identification[0m [1;30mLevel 1[0m _identify(src/openarm_mujoco/v1/meshes/collision/body) by extensions ['colcon_pkg']
[0.675s] [34mcolcon.colcon_core.package_identification[0m [1;30mLevel 1[0m _identify(src/openarm_mujoco/v1/meshes/collision/body) by extension 'colcon_pkg'
[0.675s] [34mcolcon.colcon_core.package_identification[0m [1;30mLevel 1[0m _identify(src/openarm_mujoco/v1/meshes/collision/body) by extensions ['colcon_meta']
[0.675s] [34mcolcon.colcon_core.package_identification[0m [1;30mLevel 1[0m _identify(src/openarm_mujoco/v1/meshes/collision/body) by extension 'colcon_meta'
[0.675s] [34mcolcon.colcon_core.package_identification[0m [1;30mLevel 1[0m _identify(src/openarm_mujoco/v1/meshes/collision/body) by extensions ['ros']
[0.675s] [34mcolcon.colcon_core.package_identification[0m [1;30mLevel 1[0m _identify(src/openarm_mujoco/v1/meshes/collision/body) by extension 'ros'
[0.675s] [34mcolcon.colcon_core.package_identification[0m [1;30mLevel 1[0m _identify(src/openarm_mujoco/v1/meshes/collision/body) by extensions ['cmake', 'python']
[0.675s] [34mcolcon.colcon_core.package_identification[0m [1;30mLevel 1[0m _identify(src/openarm_mujoco/v1/meshes/collision/body) by extension 'cmake'
[0.675s] [34mcolcon.colcon_core.package_identification[0m [1;30mLevel 1[0m _identify(src/openarm_mujoco/v1/meshes/collision/body) by extension 'python'
[0.675s] [34mcolcon.colcon_core.package_identification[0m [1;30mLevel 1[0m _identify(src/openarm_mujoco/v1/meshes/collision/body) by extensions ['python_setup_py']
[0.675s] [34mcolcon.colcon_core.package_identification[0m [1;30mLevel 1[0m _identify(src/openarm_mujoco/v1/meshes/collision/body) by extension 'python_setup_py'
[0.675s] [34mcolcon.colcon_core.package_identification[0m [1;30mLevel 1[0m _identify(src/openarm_mujoco/v1/meshes/collision/gripper) by extensions ['ignore', 'ignore_ament_install']
[0.675s] [34mcolcon.colcon_core.package_identification[0m [1;30mLevel 1[0m _identify(src/openarm_mujoco/v1/meshes/collision/gripper) by extension 'ignore'
[0.675s] [34mcolcon.colcon_core.package_identification[0m [1;30mLevel 1[0m _identify(src/openarm_mujoco/v1/meshes/collision/gripper) by extension 'ignore_ament_install'
[0.675s] [34mcolcon.colcon_core.package_identification[0m [1;30mLevel 1[0m _identify(src/openarm_mujoco/v1/meshes/collision/gripper) by extensions ['colcon_pkg']
[0.675s] [34mcolcon.colcon_core.package_identification[0m [1;30mLevel 1[0m _identify(src/openarm_mujoco/v1/meshes/collision/gripper) by extension 'colcon_pkg'
[0.675s] [34mcolcon.colcon_core.package_identification[0m [1;30mLevel 1[0m _identify(src/openarm_mujoco/v1/meshes/collision/gripper) by extensions ['colcon_meta']
[0.675s] [34mcolcon.colcon_core.package_identification[0m [1;30mLevel 1[0m _identify(src/openarm_mujoco/v1/meshes/collision/gripper) by extension 'colcon_meta'
[0.675s] [34mcolcon.colcon_core.package_identification[0m [1;30mLevel 1[0m _identify(src/openarm_mujoco/v1/meshes/collision/gripper) by extensions ['ros']
[0.675s] [34mcolcon.colcon_core.package_identification[0m [1;30mLevel 1[0m _identify(src/openarm_mujoco/v1/meshes/collision/gripper) by extension 'ros'
[0.675s] [34mcolcon.colcon_core.package_identification[0m [1;30mLevel 1[0m _identify(src/openarm_mujoco/v1/meshes/collision/gripper) by extensions ['cmake', 'python']
[0.675s] [34mcolcon.colcon_core.package_identification[0m [1;30mLevel 1[0m _identify(src/openarm_mujoco/v1/meshes/collision/gripper) by extension 'cmake'
[0.675s] [34mcolcon.colcon_core.package_identification[0m [1;30mLevel 1[0m _identify(src/openarm_mujoco/v1/meshes/collision/gripper) by extension 'python'
[0.675s] [34mcolcon.colcon_core.package_identification[0m [1;30mLevel 1[0m _identify(src/openarm_mujoco/v1/meshes/collision/gripper) by extensions ['python_setup_py']
[0.676s] [34mcolcon.colcon_core.package_identification[0m [1;30mLevel 1[0m _identify(src/openarm_mujoco/v1/meshes/collision/gripper) by extension 'python_setup_py'
[0.676s] [34mcolcon.colcon_core.package_identification[0m [1;30mLevel 1[0m _identify(src/openarm_mujoco/v1/meshes/visual) by extensions ['ignore', 'ignore_ament_install']
[0.676s] [34mcolcon.colcon_core.package_identification[0m [1;30mLevel 1[0m _identify(src/openarm_mujoco/v1/meshes/visual) by extension 'ignore'
[0.676s] [34mcolcon.colcon_core.package_identification[0m [1;30mLevel 1[0m _identify(src/openarm_mujoco/v1/meshes/visual) by extension 'ignore_ament_install'
[0.676s] [34mcolcon.colcon_core.package_identification[0m [1;30mLevel 1[0m _identify(src/openarm_mujoco/v1/meshes/visual) by extensions ['colcon_pkg']
[0.676s] [34mcolcon.colcon_core.package_identification[0m [1;30mLevel 1[0m _identify(src/openarm_mujoco/v1/meshes/visual) by extension 'colcon_pkg'
[0.676s] [34mcolcon.colcon_core.package_identification[0m [1;30mLevel 1[0m _identify(src/openarm_mujoco/v1/meshes/visual) by extensions ['colcon_meta']
[0.676s] [34mcolcon.colcon_core.package_identification[0m [1;30mLevel 1[0m _identify(src/openarm_mujoco/v1/meshes/visual) by extension 'colcon_meta'
[0.676s] [34mcolcon.colcon_core.package_identification[0m [1;30mLevel 1[0m _identify(src/openarm_mujoco/v1/meshes/visual) by extensions ['ros']
[0.676s] [34mcolcon.colcon_core.package_identification[0m [1;30mLevel 1[0m _identify(src/openarm_mujoco/v1/meshes/visual) by extension 'ros'
[0.676s] [34mcolcon.colcon_core.package_identification[0m [1;30mLevel 1[0m _identify(src/openarm_mujoco/v1/meshes/visual) by extensions ['cmake', 'python']
[0.676s] [34mcolcon.colcon_core.package_identification[0m [1;30mLevel 1[0m _identify(src/openarm_mujoco/v1/meshes/visual) by extension 'cmake'
[0.676s] [34mcolcon.colcon_core.package_identification[0m [1;30mLevel 1[0m _identify(src/openarm_mujoco/v1/meshes/visual) by extension 'python'
[0.676s] [34mcolcon.colcon_core.package_identification[0m [1;30mLevel 1[0m _identify(src/openarm_mujoco/v1/meshes/visual) by extensions ['python_setup_py']
[0.676s] [34mcolcon.colcon_core.package_identification[0m [1;30mLevel 1[0m _identify(src/openarm_mujoco/v1/meshes/visual) by extension 'python_setup_py'
[0.677s] [34mcolcon.colcon_core.package_identification[0m [1;30mLevel 1[0m _identify(src/openarm_mujoco/v1/meshes/visual/arm) by extensions ['ignore', 'ignore_ament_install']
[0.677s] [34mcolcon.colcon_core.package_identification[0m [1;30mLevel 1[0m _identify(src/openarm_mujoco/v1/meshes/visual/arm) by extension 'ignore'
[0.677s] [34mcolcon.colcon_core.package_identification[0m [1;30mLevel 1[0m _identify(src/openarm_mujoco/v1/meshes/visual/arm) by extension 'ignore_ament_install'
[0.677s] [34mcolcon.colcon_core.package_identification[0m [1;30mLevel 1[0m _identify(src/openarm_mujoco/v1/meshes/visual/arm) by extensions ['colcon_pkg']
[0.677s] [34mcolcon.colcon_core.package_identification[0m [1;30mLevel 1[0m _identify(src/openarm_mujoco/v1/meshes/visual/arm) by extension 'colcon_pkg'
[0.677s] [34mcolcon.colcon_core.package_identification[0m [1;30mLevel 1[0m _identify(src/openarm_mujoco/v1/meshes/visual/arm) by extensions ['colcon_meta']
[0.677s] [34mcolcon.colcon_core.package_identification[0m [1;30mLevel 1[0m _identify(src/openarm_mujoco/v1/meshes/visual/arm) by extension 'colcon_meta'
[0.677s] [34mcolcon.colcon_core.package_identification[0m [1;30mLevel 1[0m _identify(src/openarm_mujoco/v1/meshes/visual/arm) by extensions ['ros']
[0.677s] [34mcolcon.colcon_core.package_identification[0m [1;30mLevel 1[0m _identify(src/openarm_mujoco/v1/meshes/visual/arm) by extension 'ros'
[0.677s] [34mcolcon.colcon_core.package_identification[0m [1;30mLevel 1[0m _identify(src/openarm_mujoco/v1/meshes/visual/arm) by extensions ['cmake', 'python']
[0.677s] [34mcolcon.colcon_core.package_identification[0m [1;30mLevel 1[0m _identify(src/openarm_mujoco/v1/meshes/visual/arm) by extension 'cmake'
[0.677s] [34mcolcon.colcon_core.package_identification[0m [1;30mLevel 1[0m _identify(src/openarm_mujoco/v1/meshes/visual/arm) by extension 'python'
[0.677s] [34mcolcon.colcon_core.package_identification[0m [1;30mLevel 1[0m _identify(src/openarm_mujoco/v1/meshes/visual/arm) by extensions ['python_setup_py']
[0.677s] [34mcolcon.colcon_core.package_identification[0m [1;30mLevel 1[0m _identify(src/openarm_mujoco/v1/meshes/visual/arm) by extension 'python_setup_py'
[0.677s] [34mcolcon.colcon_core.package_identification[0m [1;30mLevel 1[0m _identify(src/openarm_mujoco/v1/meshes/visual/body) by extensions ['ignore', 'ignore_ament_install']
[0.678s] [34mcolcon.colcon_core.package_identification[0m [1;30mLevel 1[0m _identify(src/openarm_mujoco/v1/meshes/visual/body) by extension 'ignore'
[0.678s] [34mcolcon.colcon_core.package_identification[0m [1;30mLevel 1[0m _identify(src/openarm_mujoco/v1/meshes/visual/body) by extension 'ignore_ament_install'
[0.678s] [34mcolcon.colcon_core.package_identification[0m [1;30mLevel 1[0m _identify(src/openarm_mujoco/v1/meshes/visual/body) by extensions ['colcon_pkg']
[0.678s] [34mcolcon.colcon_core.package_identification[0m [1;30mLevel 1[0m _identify(src/openarm_mujoco/v1/meshes/visual/body) by extension 'colcon_pkg'
[0.678s] [34mcolcon.colcon_core.package_identification[0m [1;30mLevel 1[0m _identify(src/openarm_mujoco/v1/meshes/visual/body) by extensions ['colcon_meta']
[0.678s] [34mcolcon.colcon_core.package_identification[0m [1;30mLevel 1[0m _identify(src/openarm_mujoco/v1/meshes/visual/body) by extension 'colcon_meta'
[0.678s] [34mcolcon.colcon_core.package_identification[0m [1;30mLevel 1[0m _identify(src/openarm_mujoco/v1/meshes/visual/body) by extensions ['ros']
[0.678s] [34mcolcon.colcon_core.package_identification[0m [1;30mLevel 1[0m _identify(src/openarm_mujoco/v1/meshes/visual/body) by extension 'ros'
[0.678s] [34mcolcon.colcon_core.package_identification[0m [1;30mLevel 1[0m _identify(src/openarm_mujoco/v1/meshes/visual/body) by extensions ['cmake', 'python']
[0.678s] [34mcolcon.colcon_core.package_identification[0m [1;30mLevel 1[0m _identify(src/openarm_mujoco/v1/meshes/visual/body) by extension 'cmake'
[0.678s] [34mcolcon.colcon_core.package_identification[0m [1;30mLevel 1[0m _identify(src/openarm_mujoco/v1/meshes/visual/body) by extension 'python'
[0.678s] [34mcolcon.colcon_core.package_identification[0m [1;30mLevel 1[0m _identify(src/openarm_mujoco/v1/meshes/visual/body) by extensions ['python_setup_py']
[0.678s] [34mcolcon.colcon_core.package_identification[0m [1;30mLevel 1[0m _identify(src/openarm_mujoco/v1/meshes/visual/body) by extension 'python_setup_py'
[0.678s] [34mcolcon.colcon_core.package_identification[0m [1;30mLevel 1[0m _identify(src/openarm_mujoco/v1/meshes/visual/gripper) by extensions ['ignore', 'ignore_ament_install']
[0.678s] [34mcolcon.colcon_core.package_identification[0m [1;30mLevel 1[0m _identify(src/openarm_mujoco/v1/meshes/visual/gripper) by extension 'ignore'
[0.678s] [34mcolcon.colcon_core.package_identification[0m [1;30mLevel 1[0m _identify(src/openarm_mujoco/v1/meshes/visual/gripper) by extension 'ignore_ament_install'
[0.678s] [34mcolcon.colcon_core.package_identification[0m [1;30mLevel 1[0m _identify(src/openarm_mujoco/v1/meshes/visual/gripper) by extensions ['colcon_pkg']
[0.678s] [34mcolcon.colcon_core.package_identification[0m [1;30mLevel 1[0m _identify(src/openarm_mujoco/v1/meshes/visual/gripper) by extension 'colcon_pkg'
[0.678s] [34mcolcon.colcon_core.package_identification[0m [1;30mLevel 1[0m _identify(src/openarm_mujoco/v1/meshes/visual/gripper) by extensions ['colcon_meta']
[0.678s] [34mcolcon.colcon_core.package_identification[0m [1;30mLevel 1[0m _identify(src/openarm_mujoco/v1/meshes/visual/gripper) by extension 'colcon_meta'
[0.679s] [34mcolcon.colcon_core.package_identification[0m [1;30mLevel 1[0m _identify(src/openarm_mujoco/v1/meshes/visual/gripper) by extensions ['ros']
[0.679s] [34mcolcon.colcon_core.package_identification[0m [1;30mLevel 1[0m _identify(src/openarm_mujoco/v1/meshes/visual/gripper) by extension 'ros'
[0.679s] [34mcolcon.colcon_core.package_identification[0m [1;30mLevel 1[0m _identify(src/openarm_mujoco/v1/meshes/visual/gripper) by extensions ['cmake', 'python']
[0.679s] [34mcolcon.colcon_core.package_identification[0m [1;30mLevel 1[0m _identify(src/openarm_mujoco/v1/meshes/visual/gripper) by extension 'cmake'
[0.679s] [34mcolcon.colcon_core.package_identification[0m [1;30mLevel 1[0m _identify(src/openarm_mujoco/v1/meshes/visual/gripper) by extension 'python'
[0.679s] [34mcolcon.colcon_core.package_identification[0m [1;30mLevel 1[0m _identify(src/openarm_mujoco/v1/meshes/visual/gripper) by extensions ['python_setup_py']
[0.679s] [34mcolcon.colcon_core.package_identification[0m [1;30mLevel 1[0m _identify(src/openarm_mujoco/v1/meshes/visual/gripper) by extension 'python_setup_py'
[0.679s] [34mcolcon.colcon_core.package_identification[0m [1;30mLevel 1[0m _identify(src/openarm_ros2) by extensions ['ignore', 'ignore_ament_install']
[0.679s] [34mcolcon.colcon_core.package_identification[0m [1;30mLevel 1[0m _identify(src/openarm_ros2) by extension 'ignore'
[0.679s] [34mcolcon.colcon_core.package_identification[0m [1;30mLevel 1[0m _identify(src/openarm_ros2) by extension 'ignore_ament_install'
[0.679s] [34mcolcon.colcon_core.package_identification[0m [1;30mLevel 1[0m _identify(src/openarm_ros2) by extensions ['colcon_pkg']
[0.679s] [34mcolcon.colcon_core.package_identification[0m [1;30mLevel 1[0m _identify(src/openarm_ros2) by extension 'colcon_pkg'
[0.679s] [34mcolcon.colcon_core.package_identification[0m [1;30mLevel 1[0m _identify(src/openarm_ros2) by extensions ['colcon_meta']
[0.679s] [34mcolcon.colcon_core.package_identification[0m [1;30mLevel 1[0m _identify(src/openarm_ros2) by extension 'colcon_meta'
[0.679s] [34mcolcon.colcon_core.package_identification[0m [1;30mLevel 1[0m _identify(src/openarm_ros2) by extensions ['ros']
[0.679s] [34mcolcon.colcon_core.package_identification[0m [1;30mLevel 1[0m _identify(src/openarm_ros2) by extension 'ros'
[0.679s] [34mcolcon.colcon_core.package_identification[0m [1;30mLevel 1[0m _identify(src/openarm_ros2) by extensions ['cmake', 'python']
[0.679s] [34mcolcon.colcon_core.package_identification[0m [1;30mLevel 1[0m _identify(src/openarm_ros2) by extension 'cmake'
[0.679s] [34mcolcon.colcon_core.package_identification[0m [1;30mLevel 1[0m _identify(src/openarm_ros2) by extension 'python'
[0.679s] [34mcolcon.colcon_core.package_identification[0m [1;30mLevel 1[0m _identify(src/openarm_ros2) by extensions ['python_setup_py']
[0.679s] [34mcolcon.colcon_core.package_identification[0m [1;30mLevel 1[0m _identify(src/openarm_ros2) by extension 'python_setup_py'
[0.679s] [34mcolcon.colcon_core.package_identification[0m [1;30mLevel 1[0m _identify(src/openarm_ros2/dev) by extensions ['ignore', 'ignore_ament_install']
[0.679s] [34mcolcon.colcon_core.package_identification[0m [1;30mLevel 1[0m _identify(src/openarm_ros2/dev) by extension 'ignore'
[0.679s] [34mcolcon.colcon_core.package_identification[0m [1;30mLevel 1[0m _identify(src/openarm_ros2/dev) by extension 'ignore_ament_install'
[0.680s] [34mcolcon.colcon_core.package_identification[0m [1;30mLevel 1[0m _identify(src/openarm_ros2/dev) by extensions ['colcon_pkg']
[0.680s] [34mcolcon.colcon_core.package_identification[0m [1;30mLevel 1[0m _identify(src/openarm_ros2/dev) by extension 'colcon_pkg'
[0.680s] [34mcolcon.colcon_core.package_identification[0m [1;30mLevel 1[0m _identify(src/openarm_ros2/dev) by extensions ['colcon_meta']
[0.680s] [34mcolcon.colcon_core.package_identification[0m [1;30mLevel 1[0m _identify(src/openarm_ros2/dev) by extension 'colcon_meta'
[0.680s] [34mcolcon.colcon_core.package_identification[0m [1;30mLevel 1[0m _identify(src/openarm_ros2/dev) by extensions ['ros']
[0.680s] [34mcolcon.colcon_core.package_identification[0m [1;30mLevel 1[0m _identify(src/openarm_ros2/dev) by extension 'ros'
[0.680s] [34mcolcon.colcon_core.package_identification[0m [1;30mLevel 1[0m _identify(src/openarm_ros2/dev) by extensions ['cmake', 'python']
[0.680s] [34mcolcon.colcon_core.package_identification[0m [1;30mLevel 1[0m _identify(src/openarm_ros2/dev) by extension 'cmake'
[0.680s] [34mcolcon.colcon_core.package_identification[0m [1;30mLevel 1[0m _identify(src/openarm_ros2/dev) by extension 'python'
[0.680s] [34mcolcon.colcon_core.package_identification[0m [1;30mLevel 1[0m _identify(src/openarm_ros2/dev) by extensions ['python_setup_py']
[0.680s] [34mcolcon.colcon_core.package_identification[0m [1;30mLevel 1[0m _identify(src/openarm_ros2/dev) by extension 'python_setup_py'
[0.680s] [34mcolcon.colcon_core.package_identification[0m [1;30mLevel 1[0m _identify(src/openarm_ros2/openarm) by extensions ['ignore', 'ignore_ament_install']
[0.680s] [34mcolcon.colcon_core.package_identification[0m [1;30mLevel 1[0m _identify(src/openarm_ros2/openarm) by extension 'ignore'
[0.680s] [34mcolcon.colcon_core.package_identification[0m [1;30mLevel 1[0m _identify(src/openarm_ros2/openarm) by extension 'ignore_ament_install'
[0.681s] [34mcolcon.colcon_core.package_identification[0m [1;30mLevel 1[0m _identify(src/openarm_ros2/openarm) by extensions ['colcon_pkg']
[0.681s] [34mcolcon.colcon_core.package_identification[0m [1;30mLevel 1[0m _identify(src/openarm_ros2/openarm) by extension 'colcon_pkg'
[0.681s] [34mcolcon.colcon_core.package_identification[0m [1;30mLevel 1[0m _identify(src/openarm_ros2/openarm) by extensions ['colcon_meta']
[0.681s] [34mcolcon.colcon_core.package_identification[0m [1;30mLevel 1[0m _identify(src/openarm_ros2/openarm) by extension 'colcon_meta'
[0.681s] [34mcolcon.colcon_core.package_identification[0m [1;30mLevel 1[0m _identify(src/openarm_ros2/openarm) by extensions ['ros']
[0.681s] [34mcolcon.colcon_core.package_identification[0m [1;30mLevel 1[0m _identify(src/openarm_ros2/openarm) by extension 'ros'
[0.682s] [34mcolcon.colcon_core.package_identification[0m [1;30mDEBUG[0m [32mPackage 'src/openarm_ros2/openarm' with type 'ros.ament_cmake' and name 'openarm'[0m
[0.682s] [34mcolcon.colcon_core.package_identification[0m [1;30mLevel 1[0m _identify(src/openarm_ros2/openarm_bimanual_moveit_config) by extensions ['ignore', 'ignore_ament_install']
[0.682s] [34mcolcon.colcon_core.package_identification[0m [1;30mLevel 1[0m _identify(src/openarm_ros2/openarm_bimanual_moveit_config) by extension 'ignore'
[0.682s] [34mcolcon.colcon_core.package_identification[0m [1;30mLevel 1[0m _identify(src/openarm_ros2/openarm_bimanual_moveit_config) by extension 'ignore_ament_install'
[0.682s] [34mcolcon.colcon_core.package_identification[0m [1;30mLevel 1[0m _identify(src/openarm_ros2/openarm_bimanual_moveit_config) by extensions ['colcon_pkg']
[0.682s] [34mcolcon.colcon_core.package_identification[0m [1;30mLevel 1[0m _identify(src/openarm_ros2/openarm_bimanual_moveit_config) by extension 'colcon_pkg'
[0.682s] [34mcolcon.colcon_core.package_identification[0m [1;30mLevel 1[0m _identify(src/openarm_ros2/openarm_bimanual_moveit_config) by extensions ['colcon_meta']
[0.682s] [34mcolcon.colcon_core.package_identification[0m [1;30mLevel 1[0m _identify(src/openarm_ros2/openarm_bimanual_moveit_config) by extension 'colcon_meta'
[0.682s] [34mcolcon.colcon_core.package_identification[0m [1;30mLevel 1[0m _identify(src/openarm_ros2/openarm_bimanual_moveit_config) by extensions ['ros']
[0.682s] [34mcolcon.colcon_core.package_identification[0m [1;30mLevel 1[0m _identify(src/openarm_ros2/openarm_bimanual_moveit_config) by extension 'ros'
[0.683s] [34mcolcon.colcon_core.package_identification[0m [1;30mDEBUG[0m [32mPackage 'src/openarm_ros2/openarm_bimanual_moveit_config' with type 'ros.ament_cmake' and name 'openarm_bimanual_moveit_config'[0m
[0.683s] [34mcolcon.colcon_core.package_identification[0m [1;30mLevel 1[0m _identify(src/openarm_ros2/openarm_bringup) by extensions ['ignore', 'ignore_ament_install']
[0.683s] [34mcolcon.colcon_core.package_identification[0m [1;30mLevel 1[0m _identify(src/openarm_ros2/openarm_bringup) by extension 'ignore'
[0.683s] [34mcolcon.colcon_core.package_identification[0m [1;30mLevel 1[0m _identify(src/openarm_ros2/openarm_bringup) by extension 'ignore_ament_install'
[0.683s] [34mcolcon.colcon_core.package_identification[0m [1;30mLevel 1[0m _identify(src/openarm_ros2/openarm_bringup) by extensions ['colcon_pkg']
[0.683s] [34mcolcon.colcon_core.package_identification[0m [1;30mLevel 1[0m _identify(src/openarm_ros2/openarm_bringup) by extension 'colcon_pkg'
[0.683s] [34mcolcon.colcon_core.package_identification[0m [1;30mLevel 1[0m _identify(src/openarm_ros2/openarm_bringup) by extensions ['colcon_meta']
[0.683s] [34mcolcon.colcon_core.package_identification[0m [1;30mLevel 1[0m _identify(src/openarm_ros2/openarm_bringup) by extension 'colcon_meta'
[0.683s] [34mcolcon.colcon_core.package_identification[0m [1;30mLevel 1[0m _identify(src/openarm_ros2/openarm_bringup) by extensions ['ros']
[0.683s] [34mcolcon.colcon_core.package_identification[0m [1;30mLevel 1[0m _identify(src/openarm_ros2/openarm_bringup) by extension 'ros'
[0.684s] [34mcolcon.colcon_core.package_identification[0m [1;30mDEBUG[0m [32mPackage 'src/openarm_ros2/openarm_bringup' with type 'ros.ament_cmake' and name 'openarm_bringup'[0m
[0.684s] [34mcolcon.colcon_core.package_identification[0m [1;30mLevel 1[0m _identify(src/openarm_ros2/openarm_hardware) by extensions ['ignore', 'ignore_ament_install']
[0.684s] [34mcolcon.colcon_core.package_identification[0m [1;30mLevel 1[0m _identify(src/openarm_ros2/openarm_hardware) by extension 'ignore'
[0.684s] [34mcolcon.colcon_core.package_identification[0m [1;30mLevel 1[0m _identify(src/openarm_ros2/openarm_hardware) by extension 'ignore_ament_install'
[0.684s] [34mcolcon.colcon_core.package_identification[0m [1;30mLevel 1[0m _identify(src/openarm_ros2/openarm_hardware) by extensions ['colcon_pkg']
[0.684s] [34mcolcon.colcon_core.package_identification[0m [1;30mLevel 1[0m _identify(src/openarm_ros2/openarm_hardware) by extension 'colcon_pkg'
[0.684s] [34mcolcon.colcon_core.package_identification[0m [1;30mLevel 1[0m _identify(src/openarm_ros2/openarm_hardware) by extensions ['colcon_meta']
[0.684s] [34mcolcon.colcon_core.package_identification[0m [1;30mLevel 1[0m _identify(src/openarm_ros2/openarm_hardware) by extension 'colcon_meta'
[0.684s] [34mcolcon.colcon_core.package_identification[0m [1;30mLevel 1[0m _identify(src/openarm_ros2/openarm_hardware) by extensions ['ros']
[0.684s] [34mcolcon.colcon_core.package_identification[0m [1;30mLevel 1[0m _identify(src/openarm_ros2/openarm_hardware) by extension 'ros'
[0.685s] [34mcolcon.colcon_core.package_identification[0m [1;30mDEBUG[0m [32mPackage 'src/openarm_ros2/openarm_hardware' with type 'ros.ament_cmake' and name 'openarm_hardware'[0m
[0.685s] [34mcolcon.colcon_core.package_discovery[0m [1;30mLevel 1[0m discover_packages(recursive) using defaults
[0.685s] [34mcolcon.colcon_core.package_discovery[0m [1;30mLevel 1[0m discover_packages(ignore) discover
[0.685s] [34mcolcon.colcon_core.package_discovery[0m [1;30mLevel 1[0m discover_packages(ignore) using defaults
[0.685s] [34mcolcon.colcon_core.package_discovery[0m [1;30mLevel 1[0m discover_packages(path) discover
[0.685s] [34mcolcon.colcon_core.package_discovery[0m [1;30mLevel 1[0m discover_packages(path) using defaults
[0.712s] [34mcolcon.colcon_core.package_discovery[0m [1;30mLevel 1[0m discover_packages(prefix_path) check parameters
[0.713s] [34mcolcon.colcon_core.package_discovery[0m [1;30mLevel 1[0m discover_packages(prefix_path) discover
[0.716s] [34mcolcon.colcon_installed_package_information.package_discovery[0m [1;30mDEBUG[0m [32mFound 1 installed packages in /home/yuan/arm_ws/install[0m
[0.719s] [34mcolcon.colcon_installed_package_information.package_discovery[0m [1;30mDEBUG[0m [32mFound 369 installed packages in /opt/ros/humble[0m
[0.720s] [34mcolcon.colcon_core.package_discovery[0m [1;30mLevel 1[0m discover_packages(prefix_path) using defaults
[0.820s] [34mcolcon.colcon_core.verb[0m [1;30mLevel 5[0m set package 'openarm_bringup' build argument 'cmake_args' from command line to 'None'
[0.820s] [34mcolcon.colcon_core.verb[0m [1;30mLevel 5[0m set package 'openarm_bringup' build argument 'cmake_target' from command line to 'None'
[0.820s] [34mcolcon.colcon_core.verb[0m [1;30mLevel 5[0m set package 'openarm_bringup' build argument 'cmake_target_skip_unavailable' from command line to 'False'
[0.820s] [34mcolcon.colcon_core.verb[0m [1;30mLevel 5[0m set package 'openarm_bringup' build argument 'cmake_clean_cache' from command line to 'False'
[0.820s] [34mcolcon.colcon_core.verb[0m [1;30mLevel 5[0m set package 'openarm_bringup' build argument 'cmake_clean_first' from command line to 'False'
[0.820s] [34mcolcon.colcon_core.verb[0m [1;30mLevel 5[0m set package 'openarm_bringup' build argument 'cmake_force_configure' from command line to 'False'
[0.820s] [34mcolcon.colcon_core.verb[0m [1;30mLevel 5[0m set package 'openarm_bringup' build argument 'ament_cmake_args' from command line to 'None'
[0.820s] [34mcolcon.colcon_core.verb[0m [1;30mLevel 5[0m set package 'openarm_bringup' build argument 'catkin_cmake_args' from command line to 'None'
[0.820s] [34mcolcon.colcon_core.verb[0m [1;30mLevel 5[0m set package 'openarm_bringup' build argument 'catkin_skip_building_tests' from command line to 'False'
[0.820s] [34mcolcon.colcon_core.verb[0m [1;30mDEBUG[0m [32mBuilding package 'openarm_bringup' with the following arguments: {'ament_cmake_args': None, 'build_base': '/home/yuan/arm_ws/build/openarm_bringup', 'catkin_cmake_args': None, 'catkin_skip_building_tests': False, 'cmake_args': None, 'cmake_clean_cache': False, 'cmake_clean_first': False, 'cmake_force_configure': False, 'cmake_target': None, 'cmake_target_skip_unavailable': False, 'install_base': '/home/yuan/arm_ws/install/openarm_bringup', 'merge_install': False, 'path': '/home/yuan/arm_ws/src/openarm_ros2/openarm_bringup', 'symlink_install': False, 'test_result_base': None}[0m
[0.820s] [34mcolcon.colcon_core.verb[0m [1;30mLevel 5[0m set package 'openarm_description' build argument 'cmake_args' from command line to 'None'
[0.820s] [34mcolcon.colcon_core.verb[0m [1;30mLevel 5[0m set package 'openarm_description' build argument 'cmake_target' from command line to 'None'
[0.820s] [34mcolcon.colcon_core.verb[0m [1;30mLevel 5[0m set package 'openarm_description' build argument 'cmake_target_skip_unavailable' from command line to 'False'
[0.820s] [34mcolcon.colcon_core.verb[0m [1;30mLevel 5[0m set package 'openarm_description' build argument 'cmake_clean_cache' from command line to 'False'
[0.820s] [34mcolcon.colcon_core.verb[0m [1;30mLevel 5[0m set package 'openarm_description' build argument 'cmake_clean_first' from command line to 'False'
[0.820s] [34mcolcon.colcon_core.verb[0m [1;30mLevel 5[0m set package 'openarm_description' build argument 'cmake_force_configure' from command line to 'False'
[0.820s] [34mcolcon.colcon_core.verb[0m [1;30mLevel 5[0m set package 'openarm_description' build argument 'ament_cmake_args' from command line to 'None'
[0.820s] [34mcolcon.colcon_core.verb[0m [1;30mLevel 5[0m set package 'openarm_description' build argument 'catkin_cmake_args' from command line to 'None'
[0.820s] [34mcolcon.colcon_core.verb[0m [1;30mLevel 5[0m set package 'openarm_description' build argument 'catkin_skip_building_tests' from command line to 'False'
[0.820s] [34mcolcon.colcon_core.verb[0m [1;30mDEBUG[0m [32mBuilding package 'openarm_description' with the following arguments: {'ament_cmake_args': None, 'build_base': '/home/yuan/arm_ws/build/openarm_description', 'catkin_cmake_args': None, 'catkin_skip_building_tests': False, 'cmake_args': None, 'cmake_clean_cache': False, 'cmake_clean_first': False, 'cmake_force_configure': False, 'cmake_target': None, 'cmake_target_skip_unavailable': False, 'install_base': '/home/yuan/arm_ws/install/openarm_description', 'merge_install': False, 'path': '/home/yuan/arm_ws/src/openarm_description', 'symlink_install': False, 'test_result_base': None}[0m
[0.821s] [34mcolcon.colcon_core.verb[0m [1;30mLevel 5[0m set package 'openarm_hardware' build argument 'cmake_args' from command line to 'None'
[0.821s] [34mcolcon.colcon_core.verb[0m [1;30mLevel 5[0m set package 'openarm_hardware' build argument 'cmake_target' from command line to 'None'
[0.821s] [34mcolcon.colcon_core.verb[0m [1;30mLevel 5[0m set package 'openarm_hardware' build argument 'cmake_target_skip_unavailable' from command line to 'False'
[0.821s] [34mcolcon.colcon_core.verb[0m [1;30mLevel 5[0m set package 'openarm_hardware' build argument 'cmake_clean_cache' from command line to 'False'
[0.821s] [34mcolcon.colcon_core.verb[0m [1;30mLevel 5[0m set package 'openarm_hardware' build argument 'cmake_clean_first' from command line to 'False'
[0.821s] [34mcolcon.colcon_core.verb[0m [1;30mLevel 5[0m set package 'openarm_hardware' build argument 'cmake_force_configure' from command line to 'False'
[0.821s] [34mcolcon.colcon_core.verb[0m [1;30mLevel 5[0m set package 'openarm_hardware' build argument 'ament_cmake_args' from command line to 'None'
[0.821s] [34mcolcon.colcon_core.verb[0m [1;30mLevel 5[0m set package 'openarm_hardware' build argument 'catkin_cmake_args' from command line to 'None'
[0.821s] [34mcolcon.colcon_core.verb[0m [1;30mLevel 5[0m set package 'openarm_hardware' build argument 'catkin_skip_building_tests' from command line to 'False'
[0.821s] [34mcolcon.colcon_core.verb[0m [1;30mDEBUG[0m [32mBuilding package 'openarm_hardware' with the following arguments: {'ament_cmake_args': None, 'build_base': '/home/yuan/arm_ws/build/openarm_hardware', 'catkin_cmake_args': None, 'catkin_skip_building_tests': False, 'cmake_args': None, 'cmake_clean_cache': False, 'cmake_clean_first': False, 'cmake_force_configure': False, 'cmake_target': None, 'cmake_target_skip_unavailable': False, 'install_base': '/home/yuan/arm_ws/install/openarm_hardware', 'merge_install': False, 'path': '/home/yuan/arm_ws/src/openarm_ros2/openarm_hardware', 'symlink_install': False, 'test_result_base': None}[0m
[0.821s] [34mcolcon.colcon_core.verb[0m [1;30mLevel 5[0m set package 'openarm' build argument 'cmake_args' from command line to 'None'
[0.821s] [34mcolcon.colcon_core.verb[0m [1;30mLevel 5[0m set package 'openarm' build argument 'cmake_target' from command line to 'None'
[0.821s] [34mcolcon.colcon_core.verb[0m [1;30mLevel 5[0m set package 'openarm' build argument 'cmake_target_skip_unavailable' from command line to 'False'
[0.821s] [34mcolcon.colcon_core.verb[0m [1;30mLevel 5[0m set package 'openarm' build argument 'cmake_clean_cache' from command line to 'False'
[0.821s] [34mcolcon.colcon_core.verb[0m [1;30mLevel 5[0m set package 'openarm' build argument 'cmake_clean_first' from command line to 'False'
[0.821s] [34mcolcon.colcon_core.verb[0m [1;30mLevel 5[0m set package 'openarm' build argument 'cmake_force_configure' from command line to 'False'
[0.821s] [34mcolcon.colcon_core.verb[0m [1;30mLevel 5[0m set package 'openarm' build argument 'ament_cmake_args' from command line to 'None'
[0.821s] [34mcolcon.colcon_core.verb[0m [1;30mLevel 5[0m set package 'openarm' build argument 'catkin_cmake_args' from command line to 'None'
[0.821s] [34mcolcon.colcon_core.verb[0m [1;30mLevel 5[0m set package 'openarm' build argument 'catkin_skip_building_tests' from command line to 'False'
[0.821s] [34mcolcon.colcon_core.verb[0m [1;30mDEBUG[0m [32mBuilding package 'openarm' with the following arguments: {'ament_cmake_args': None, 'build_base': '/home/yuan/arm_ws/build/openarm', 'catkin_cmake_args': None, 'catkin_skip_building_tests': False, 'cmake_args': None, 'cmake_clean_cache': False, 'cmake_clean_first': False, 'cmake_force_configure': False, 'cmake_target': None, 'cmake_target_skip_unavailable': False, 'install_base': '/home/yuan/arm_ws/install/openarm', 'merge_install': False, 'path': '/home/yuan/arm_ws/src/openarm_ros2/openarm', 'symlink_install': False, 'test_result_base': None}[0m
[0.821s] [34mcolcon.colcon_core.verb[0m [1;30mLevel 5[0m set package 'openarm_bimanual_moveit_config' build argument 'cmake_args' from command line to 'None'
[0.821s] [34mcolcon.colcon_core.verb[0m [1;30mLevel 5[0m set package 'openarm_bimanual_moveit_config' build argument 'cmake_target' from command line to 'None'
[0.821s] [34mcolcon.colcon_core.verb[0m [1;30mLevel 5[0m set package 'openarm_bimanual_moveit_config' build argument 'cmake_target_skip_unavailable' from command line to 'False'
[0.822s] [34mcolcon.colcon_core.verb[0m [1;30mLevel 5[0m set package 'openarm_bimanual_moveit_config' build argument 'cmake_clean_cache' from command line to 'False'
[0.822s] [34mcolcon.colcon_core.verb[0m [1;30mLevel 5[0m set package 'openarm_bimanual_moveit_config' build argument 'cmake_clean_first' from command line to 'False'
[0.822s] [34mcolcon.colcon_core.verb[0m [1;30mLevel 5[0m set package 'openarm_bimanual_moveit_config' build argument 'cmake_force_configure' from command line to 'False'
[0.822s] [34mcolcon.colcon_core.verb[0m [1;30mLevel 5[0m set package 'openarm_bimanual_moveit_config' build argument 'ament_cmake_args' from command line to 'None'
[0.822s] [34mcolcon.colcon_core.verb[0m [1;30mLevel 5[0m set package 'openarm_bimanual_moveit_config' build argument 'catkin_cmake_args' from command line to 'None'
[0.822s] [34mcolcon.colcon_core.verb[0m [1;30mLevel 5[0m set package 'openarm_bimanual_moveit_config' build argument 'catkin_skip_building_tests' from command line to 'False'
[0.822s] [34mcolcon.colcon_core.verb[0m [1;30mDEBUG[0m [32mBuilding package 'openarm_bimanual_moveit_config' with the following arguments: {'ament_cmake_args': None, 'build_base': '/home/yuan/arm_ws/build/openarm_bimanual_moveit_config', 'catkin_cmake_args': None, 'catkin_skip_building_tests': False, 'cmake_args': None, 'cmake_clean_cache': False, 'cmake_clean_first': False, 'cmake_force_configure': False, 'cmake_target': None, 'cmake_target_skip_unavailable': False, 'install_base': '/home/yuan/arm_ws/install/openarm_bimanual_moveit_config', 'merge_install': False, 'path': '/home/yuan/arm_ws/src/openarm_ros2/openarm_bimanual_moveit_config', 'symlink_install': False, 'test_result_base': None}[0m
[0.822s] [34mcolcon.colcon_core.executor[0m [1;30mINFO[0m Executing jobs using 'parallel' executor
[0.823s] [34mcolcon.colcon_parallel_executor.executor.parallel[0m [1;30mDEBUG[0m [32mrun_until_complete[0m
[0.823s] [34mcolcon.colcon_ros.task.ament_cmake.build[0m [1;30mINFO[0m Building ROS package in '/home/yuan/arm_ws/src/openarm_description' with build type 'ament_cmake'
[0.823s] [34mcolcon.colcon_cmake.task.cmake.build[0m [1;30mINFO[0m Building CMake package in '/home/yuan/arm_ws/src/openarm_description'
[0.828s] [34mcolcon.colcon_core.plugin_system[0m [1;30mINFO[0m Skipping extension 'colcon_core.shell.bat': Not used on non-Windows systems
[0.828s] [34mcolcon.colcon_core.shell[0m [1;30mINFO[0m Skip shell extension 'powershell' for command environment: Not usable outside of PowerShell
[0.828s] [34mcolcon.colcon_core.shell[0m [1;30mDEBUG[0m [32mSkip shell extension 'dsv' for command environment[0m
[0.831s] [34mcolcon.colcon_ros.task.ament_cmake.build[0m [1;30mINFO[0m Building ROS package in '/home/yuan/arm_ws/src/openarm_ros2/openarm_bringup' with build type 'ament_cmake'
[0.831s] [34mcolcon.colcon_cmake.task.cmake.build[0m [1;30mINFO[0m Building CMake package in '/home/yuan/arm_ws/src/openarm_ros2/openarm_bringup'
[0.831s] [34mcolcon.colcon_core.shell[0m [1;30mINFO[0m Skip shell extension 'powershell' for command environment: Not usable outside of PowerShell
[0.832s] [34mcolcon.colcon_core.shell[0m [1;30mDEBUG[0m [32mSkip shell extension 'dsv' for command environment[0m
[0.835s] [34mcolcon.colcon_ros.task.ament_cmake.build[0m [1;30mINFO[0m Building ROS package in '/home/yuan/arm_ws/src/openarm_ros2/openarm_hardware' with build type 'ament_cmake'
[0.835s] [34mcolcon.colcon_cmake.task.cmake.build[0m [1;30mINFO[0m Building CMake package in '/home/yuan/arm_ws/src/openarm_ros2/openarm_hardware'
[0.836s] [34mcolcon.colcon_core.shell[0m [1;30mINFO[0m Skip shell extension 'powershell' for command environment: Not usable outside of PowerShell
[0.836s] [34mcolcon.colcon_core.shell[0m [1;30mDEBUG[0m [32mSkip shell extension 'dsv' for command environment[0m
[0.845s] [34mcolcon.colcon_core.event_handler.log_command[0m [1;30mDEBUG[0m [32mInvoking command in '/home/yuan/arm_ws/build/openarm_description': CMAKE_PREFIX_PATH=${CMAKE_PREFIX_PATH}:/opt/ros/humble /usr/bin/cmake --build /home/yuan/arm_ws/build/openarm_description -- -j24 -l24[0m
[0.850s] [34mcolcon.colcon_core.event_handler.log_command[0m [1;30mDEBUG[0m [32mInvoking command in '/home/yuan/arm_ws/build/openarm_bringup': CMAKE_PREFIX_PATH=${CMAKE_PREFIX_PATH}:/opt/ros/humble /usr/bin/cmake /home/yuan/arm_ws/src/openarm_ros2/openarm_bringup -DCMAKE_INSTALL_PREFIX=/home/yuan/arm_ws/install/openarm_bringup[0m
[0.855s] [34mcolcon.colcon_core.event_handler.log_command[0m [1;30mDEBUG[0m [32mInvoking command in '/home/yuan/arm_ws/build/openarm_hardware': CMAKE_PREFIX_PATH=${CMAKE_PREFIX_PATH}:/opt/ros/humble /usr/bin/cmake /home/yuan/arm_ws/src/openarm_ros2/openarm_hardware -DCMAKE_INSTALL_PREFIX=/home/yuan/arm_ws/install/openarm_hardware[0m
[0.919s] [34mcolcon.colcon_core.event_handler.log_command[0m [1;30mDEBUG[0m [32mInvoked command in '/home/yuan/arm_ws/build/openarm_description' returned '0': CMAKE_PREFIX_PATH=${CMAKE_PREFIX_PATH}:/opt/ros/humble /usr/bin/cmake --build /home/yuan/arm_ws/build/openarm_description -- -j24 -l24[0m
[0.932s] [34mcolcon.colcon_core.event_handler.log_command[0m [1;30mDEBUG[0m [32mInvoking command in '/home/yuan/arm_ws/build/openarm_description': CMAKE_PREFIX_PATH=${CMAKE_PREFIX_PATH}:/opt/ros/humble /usr/bin/cmake --install /home/yuan/arm_ws/build/openarm_description[0m
[0.957s] [34mcolcon.colcon_core.environment[0m [1;30mLevel 1[0m create_environment_scripts_only(openarm_description)
[0.958s] [34mcolcon.colcon_core.event_handler.log_command[0m [1;30mDEBUG[0m [32mInvoked command in '/home/yuan/arm_ws/build/openarm_description' returned '0': CMAKE_PREFIX_PATH=${CMAKE_PREFIX_PATH}:/opt/ros/humble /usr/bin/cmake --install /home/yuan/arm_ws/build/openarm_description[0m
[0.963s] [34mcolcon.colcon_core.environment[0m [1;30mLevel 1[0m checking '/home/yuan/arm_ws/install/openarm_description' for CMake module files
[0.964s] [34mcolcon.colcon_core.environment[0m [1;30mLevel 1[0m checking '/home/yuan/arm_ws/install/openarm_description' for CMake config files
[0.965s] [34mcolcon.colcon_core.shell[0m [1;30mLevel 1[0m create_environment_hook('openarm_description', 'cmake_prefix_path')
[0.966s] [34mcolcon.colcon_core.shell[0m [1;30mINFO[0m Creating environment hook '/home/yuan/arm_ws/install/openarm_description/share/openarm_description/hook/cmake_prefix_path.ps1'
[0.967s] [34mcolcon.colcon_core.shell[0m [1;30mINFO[0m Creating environment descriptor '/home/yuan/arm_ws/install/openarm_description/share/openarm_description/hook/cmake_prefix_path.dsv'
[0.967s] [34mcolcon.colcon_core.shell[0m [1;30mINFO[0m Creating environment hook '/home/yuan/arm_ws/install/openarm_description/share/openarm_description/hook/cmake_prefix_path.sh'
[0.968s] [34mcolcon.colcon_core.environment[0m [1;30mLevel 1[0m checking '/home/yuan/arm_ws/install/openarm_description/bin'
[0.968s] [34mcolcon.colcon_core.environment[0m [1;30mLevel 1[0m checking '/home/yuan/arm_ws/install/openarm_description/lib/pkgconfig/openarm_description.pc'
[0.969s] [34mcolcon.colcon_core.environment[0m [1;30mLevel 1[0m checking '/home/yuan/arm_ws/install/openarm_description/lib/python3.10/site-packages'
[0.969s] [34mcolcon.colcon_core.environment[0m [1;30mLevel 1[0m checking '/home/yuan/arm_ws/install/openarm_description/bin'
[0.969s] [34mcolcon.colcon_core.shell[0m [1;30mINFO[0m Creating package script '/home/yuan/arm_ws/install/openarm_description/share/openarm_description/package.ps1'
[0.970s] [34mcolcon.colcon_core.shell[0m [1;30mINFO[0m Creating package descriptor '/home/yuan/arm_ws/install/openarm_description/share/openarm_description/package.dsv'
[0.970s] [34mcolcon.colcon_core.shell[0m [1;30mINFO[0m Creating package script '/home/yuan/arm_ws/install/openarm_description/share/openarm_description/package.sh'
[0.971s] [34mcolcon.colcon_core.shell[0m [1;30mINFO[0m Creating package script '/home/yuan/arm_ws/install/openarm_description/share/openarm_description/package.bash'
[0.972s] [34mcolcon.colcon_core.shell[0m [1;30mINFO[0m Creating package script '/home/yuan/arm_ws/install/openarm_description/share/openarm_description/package.zsh'
[0.973s] [34mcolcon.colcon_core.environment[0m [1;30mLevel 1[0m create_file_with_runtime_dependencies(/home/yuan/arm_ws/install/openarm_description/share/colcon-core/packages/openarm_description)
[0.973s] [34mcolcon.colcon_core.environment[0m [1;30mLevel 1[0m create_environment_scripts_only(openarm_description)
[0.973s] [34mcolcon.colcon_core.environment[0m [1;30mLevel 1[0m checking '/home/yuan/arm_ws/install/openarm_description' for CMake module files
[0.974s] [34mcolcon.colcon_core.environment[0m [1;30mLevel 1[0m checking '/home/yuan/arm_ws/install/openarm_description' for CMake config files
[0.974s] [34mcolcon.colcon_core.shell[0m [1;30mLevel 1[0m create_environment_hook('openarm_description', 'cmake_prefix_path')
[0.974s] [34mcolcon.colcon_core.shell[0m [1;30mINFO[0m Creating environment hook '/home/yuan/arm_ws/install/openarm_description/share/openarm_description/hook/cmake_prefix_path.ps1'
[0.974s] [34mcolcon.colcon_core.shell[0m [1;30mINFO[0m Creating environment descriptor '/home/yuan/arm_ws/install/openarm_description/share/openarm_description/hook/cmake_prefix_path.dsv'
[0.975s] [34mcolcon.colcon_core.shell[0m [1;30mINFO[0m Creating environment hook '/home/yuan/arm_ws/install/openarm_description/share/openarm_description/hook/cmake_prefix_path.sh'
[0.975s] [34mcolcon.colcon_core.environment[0m [1;30mLevel 1[0m checking '/home/yuan/arm_ws/install/openarm_description/bin'
[0.975s] [34mcolcon.colcon_core.environment[0m [1;30mLevel 1[0m checking '/home/yuan/arm_ws/install/openarm_description/lib/pkgconfig/openarm_description.pc'
[0.975s] [34mcolcon.colcon_core.environment[0m [1;30mLevel 1[0m checking '/home/yuan/arm_ws/install/openarm_description/lib/python3.10/site-packages'
[0.975s] [34mcolcon.colcon_core.environment[0m [1;30mLevel 1[0m checking '/home/yuan/arm_ws/install/openarm_description/bin'
[0.976s] [34mcolcon.colcon_core.shell[0m [1;30mINFO[0m Creating package script '/home/yuan/arm_ws/install/openarm_description/share/openarm_description/package.ps1'
[0.976s] [34mcolcon.colcon_core.shell[0m [1;30mINFO[0m Creating package descriptor '/home/yuan/arm_ws/install/openarm_description/share/openarm_description/package.dsv'
[0.977s] [34mcolcon.colcon_core.shell[0m [1;30mINFO[0m Creating package script '/home/yuan/arm_ws/install/openarm_description/share/openarm_description/package.sh'
[0.977s] [34mcolcon.colcon_core.shell[0m [1;30mINFO[0m Creating package script '/home/yuan/arm_ws/install/openarm_description/share/openarm_description/package.bash'
[0.977s] [34mcolcon.colcon_core.shell[0m [1;30mINFO[0m Creating package script '/home/yuan/arm_ws/install/openarm_description/share/openarm_description/package.zsh'
[0.978s] [34mcolcon.colcon_core.environment[0m [1;30mLevel 1[0m create_file_with_runtime_dependencies(/home/yuan/arm_ws/install/openarm_description/share/colcon-core/packages/openarm_description)
[0.978s] [34mcolcon.colcon_ros.task.ament_cmake.build[0m [1;30mINFO[0m Building ROS package in '/home/yuan/arm_ws/src/openarm_ros2/openarm_bimanual_moveit_config' with build type 'ament_cmake'
[0.978s] [34mcolcon.colcon_cmake.task.cmake.build[0m [1;30mINFO[0m Building CMake package in '/home/yuan/arm_ws/src/openarm_ros2/openarm_bimanual_moveit_config'
[0.978s] [34mcolcon.colcon_core.shell[0m [1;30mINFO[0m Skip shell extension 'powershell' for command environment: Not usable outside of PowerShell
[0.979s] [34mcolcon.colcon_core.shell[0m [1;30mDEBUG[0m [32mSkip shell extension 'dsv' for command environment[0m
[1.109s] [34mcolcon.colcon_core.event_handler.log_command[0m [1;30mDEBUG[0m [32mInvoking command in '/home/yuan/arm_ws/build/openarm_bimanual_moveit_config': CMAKE_PREFIX_PATH=${CMAKE_PREFIX_PATH}:/opt/ros/humble /usr/bin/cmake /home/yuan/arm_ws/src/openarm_ros2/openarm_bimanual_moveit_config -DCMAKE_INSTALL_PREFIX=/home/yuan/arm_ws/install/openarm_bimanual_moveit_config[0m
[3.251s] [34mcolcon.colcon_core.event_handler.log_command[0m [1;30mDEBUG[0m [32mInvoked command in '/home/yuan/arm_ws/build/openarm_bringup' returned '0': CMAKE_PREFIX_PATH=${CMAKE_PREFIX_PATH}:/opt/ros/humble /usr/bin/cmake /home/yuan/arm_ws/src/openarm_ros2/openarm_bringup -DCMAKE_INSTALL_PREFIX=/home/yuan/arm_ws/install/openarm_bringup[0m
[3.252s] [34mcolcon.colcon_core.event_handler.log_command[0m [1;30mDEBUG[0m [32mInvoking command in '/home/yuan/arm_ws/build/openarm_bringup': CMAKE_PREFIX_PATH=${CMAKE_PREFIX_PATH}:/opt/ros/humble /usr/bin/cmake --build /home/yuan/arm_ws/build/openarm_bringup -- -j24 -l24[0m
[3.289s] [34mcolcon.colcon_core.event_handler.log_command[0m [1;30mDEBUG[0m [32mInvoked command in '/home/yuan/arm_ws/build/openarm_bringup' returned '0': CMAKE_PREFIX_PATH=${CMAKE_PREFIX_PATH}:/opt/ros/humble /usr/bin/cmake --build /home/yuan/arm_ws/build/openarm_bringup -- -j24 -l24[0m
[3.291s] [34mcolcon.colcon_core.event_handler.log_command[0m [1;30mDEBUG[0m [32mInvoking command in '/home/yuan/arm_ws/build/openarm_bringup': CMAKE_PREFIX_PATH=${CMAKE_PREFIX_PATH}:/opt/ros/humble /usr/bin/cmake --install /home/yuan/arm_ws/build/openarm_bringup[0m
[3.313s] [34mcolcon.colcon_core.environment[0m [1;30mLevel 1[0m create_environment_scripts_only(openarm_bringup)
[3.314s] [34mcolcon.colcon_core.environment[0m [1;30mLevel 1[0m checking '/home/yuan/arm_ws/install/openarm_bringup' for CMake module files
[3.314s] [34mcolcon.colcon_core.event_handler.log_command[0m [1;30mDEBUG[0m [32mInvoked command in '/home/yuan/arm_ws/build/openarm_bringup' returned '0': CMAKE_PREFIX_PATH=${CMAKE_PREFIX_PATH}:/opt/ros/humble /usr/bin/cmake --install /home/yuan/arm_ws/build/openarm_bringup[0m
[3.315s] [34mcolcon.colcon_core.environment[0m [1;30mLevel 1[0m checking '/home/yuan/arm_ws/install/openarm_bringup' for CMake config files
[3.315s] [34mcolcon.colcon_core.shell[0m [1;30mLevel 1[0m create_environment_hook('openarm_bringup', 'cmake_prefix_path')
[3.315s] [34mcolcon.colcon_core.shell[0m [1;30mINFO[0m Creating environment hook '/home/yuan/arm_ws/install/openarm_bringup/share/openarm_bringup/hook/cmake_prefix_path.ps1'
[3.316s] [34mcolcon.colcon_core.shell[0m [1;30mINFO[0m Creating environment descriptor '/home/yuan/arm_ws/install/openarm_bringup/share/openarm_bringup/hook/cmake_prefix_path.dsv'
[3.317s] [34mcolcon.colcon_core.shell[0m [1;30mINFO[0m Creating environment hook '/home/yuan/arm_ws/install/openarm_bringup/share/openarm_bringup/hook/cmake_prefix_path.sh'
[3.317s] [34mcolcon.colcon_core.environment[0m [1;30mLevel 1[0m checking '/home/yuan/arm_ws/install/openarm_bringup/bin'
[3.317s] [34mcolcon.colcon_core.environment[0m [1;30mLevel 1[0m checking '/home/yuan/arm_ws/install/openarm_bringup/lib/pkgconfig/openarm_bringup.pc'
[3.317s] [34mcolcon.colcon_core.environment[0m [1;30mLevel 1[0m checking '/home/yuan/arm_ws/install/openarm_bringup/lib/python3.10/site-packages'
[3.317s] [34mcolcon.colcon_core.environment[0m [1;30mLevel 1[0m checking '/home/yuan/arm_ws/install/openarm_bringup/bin'
[3.318s] [34mcolcon.colcon_core.shell[0m [1;30mINFO[0m Creating package script '/home/yuan/arm_ws/install/openarm_bringup/share/openarm_bringup/package.ps1'
[3.318s] [34mcolcon.colcon_core.shell[0m [1;30mINFO[0m Creating package descriptor '/home/yuan/arm_ws/install/openarm_bringup/share/openarm_bringup/package.dsv'
[3.318s] [34mcolcon.colcon_core.shell[0m [1;30mINFO[0m Creating package script '/home/yuan/arm_ws/install/openarm_bringup/share/openarm_bringup/package.sh'
[3.318s] [34mcolcon.colcon_core.shell[0m [1;30mINFO[0m Creating package script '/home/yuan/arm_ws/install/openarm_bringup/share/openarm_bringup/package.bash'
[3.319s] [34mcolcon.colcon_core.shell[0m [1;30mINFO[0m Creating package script '/home/yuan/arm_ws/install/openarm_bringup/share/openarm_bringup/package.zsh'
[3.319s] [34mcolcon.colcon_core.environment[0m [1;30mLevel 1[0m create_file_with_runtime_dependencies(/home/yuan/arm_ws/install/openarm_bringup/share/colcon-core/packages/openarm_bringup)
[3.320s] [34mcolcon.colcon_core.environment[0m [1;30mLevel 1[0m create_environment_scripts_only(openarm_bringup)
[3.321s] [34mcolcon.colcon_core.environment[0m [1;30mLevel 1[0m checking '/home/yuan/arm_ws/install/openarm_bringup' for CMake module files
[3.321s] [34mcolcon.colcon_core.environment[0m [1;30mLevel 1[0m checking '/home/yuan/arm_ws/install/openarm_bringup' for CMake config files
[3.322s] [34mcolcon.colcon_core.shell[0m [1;30mLevel 1[0m create_environment_hook('openarm_bringup', 'cmake_prefix_path')
[3.322s] [34mcolcon.colcon_core.shell[0m [1;30mINFO[0m Creating environment hook '/home/yuan/arm_ws/install/openarm_bringup/share/openarm_bringup/hook/cmake_prefix_path.ps1'
[3.322s] [34mcolcon.colcon_core.shell[0m [1;30mINFO[0m Creating environment descriptor '/home/yuan/arm_ws/install/openarm_bringup/share/openarm_bringup/hook/cmake_prefix_path.dsv'
[3.323s] [34mcolcon.colcon_core.shell[0m [1;30mINFO[0m Creating environment hook '/home/yuan/arm_ws/install/openarm_bringup/share/openarm_bringup/hook/cmake_prefix_path.sh'
[3.323s] [34mcolcon.colcon_core.environment[0m [1;30mLevel 1[0m checking '/home/yuan/arm_ws/install/openarm_bringup/bin'
[3.323s] [34mcolcon.colcon_core.environment[0m [1;30mLevel 1[0m checking '/home/yuan/arm_ws/install/openarm_bringup/lib/pkgconfig/openarm_bringup.pc'
[3.324s] [34mcolcon.colcon_core.environment[0m [1;30mLevel 1[0m checking '/home/yuan/arm_ws/install/openarm_bringup/lib/python3.10/site-packages'
[3.324s] [34mcolcon.colcon_core.environment[0m [1;30mLevel 1[0m checking '/home/yuan/arm_ws/install/openarm_bringup/bin'
[3.324s] [34mcolcon.colcon_core.shell[0m [1;30mINFO[0m Creating package script '/home/yuan/arm_ws/install/openarm_bringup/share/openarm_bringup/package.ps1'
[3.324s] [34mcolcon.colcon_core.shell[0m [1;30mINFO[0m Creating package descriptor '/home/yuan/arm_ws/install/openarm_bringup/share/openarm_bringup/package.dsv'
[3.325s] [34mcolcon.colcon_core.shell[0m [1;30mINFO[0m Creating package script '/home/yuan/arm_ws/install/openarm_bringup/share/openarm_bringup/package.sh'
[3.325s] [34mcolcon.colcon_core.shell[0m [1;30mINFO[0m Creating package script '/home/yuan/arm_ws/install/openarm_bringup/share/openarm_bringup/package.bash'
[3.325s] [34mcolcon.colcon_core.shell[0m [1;30mINFO[0m Creating package script '/home/yuan/arm_ws/install/openarm_bringup/share/openarm_bringup/package.zsh'
[3.326s] [34mcolcon.colcon_core.environment[0m [1;30mLevel 1[0m create_file_with_runtime_dependencies(/home/yuan/arm_ws/install/openarm_bringup/share/colcon-core/packages/openarm_bringup)
[3.469s] [34mcolcon.colcon_core.event_handler.log_command[0m [1;30mDEBUG[0m [32mInvoked command in '/home/yuan/arm_ws/build/openarm_bimanual_moveit_config' returned '0': CMAKE_PREFIX_PATH=${CMAKE_PREFIX_PATH}:/opt/ros/humble /usr/bin/cmake /home/yuan/arm_ws/src/openarm_ros2/openarm_bimanual_moveit_config -DCMAKE_INSTALL_PREFIX=/home/yuan/arm_ws/install/openarm_bimanual_moveit_config[0m
[3.470s] [34mcolcon.colcon_core.event_handler.log_command[0m [1;30mDEBUG[0m [32mInvoking command in '/home/yuan/arm_ws/build/openarm_bimanual_moveit_config': CMAKE_PREFIX_PATH=${CMAKE_PREFIX_PATH}:/opt/ros/humble /usr/bin/cmake --build /home/yuan/arm_ws/build/openarm_bimanual_moveit_config -- -j24 -l24[0m
[3.507s] [34mcolcon.colcon_core.event_handler.log_command[0m [1;30mDEBUG[0m [32mInvoked command in '/home/yuan/arm_ws/build/openarm_bimanual_moveit_config' returned '0': CMAKE_PREFIX_PATH=${CMAKE_PREFIX_PATH}:/opt/ros/humble /usr/bin/cmake --build /home/yuan/arm_ws/build/openarm_bimanual_moveit_config -- -j24 -l24[0m
[3.510s] [34mcolcon.colcon_core.event_handler.log_command[0m [1;30mDEBUG[0m [32mInvoking command in '/home/yuan/arm_ws/build/openarm_bimanual_moveit_config': CMAKE_PREFIX_PATH=${CMAKE_PREFIX_PATH}:/opt/ros/humble /usr/bin/cmake --install /home/yuan/arm_ws/build/openarm_bimanual_moveit_config[0m
[3.536s] [34mcolcon.colcon_core.environment[0m [1;30mLevel 1[0m create_environment_scripts_only(openarm_bimanual_moveit_config)
[3.536s] [34mcolcon.colcon_core.environment[0m [1;30mLevel 1[0m checking '/home/yuan/arm_ws/install/openarm_bimanual_moveit_config' for CMake module files
[3.537s] [34mcolcon.colcon_core.event_handler.log_command[0m [1;30mDEBUG[0m [32mInvoked command in '/home/yuan/arm_ws/build/openarm_bimanual_moveit_config' returned '0': CMAKE_PREFIX_PATH=${CMAKE_PREFIX_PATH}:/opt/ros/humble /usr/bin/cmake --install /home/yuan/arm_ws/build/openarm_bimanual_moveit_config[0m
[3.537s] [34mcolcon.colcon_core.environment[0m [1;30mLevel 1[0m checking '/home/yuan/arm_ws/install/openarm_bimanual_moveit_config' for CMake config files
[3.537s] [34mcolcon.colcon_core.shell[0m [1;30mLevel 1[0m create_environment_hook('openarm_bimanual_moveit_config', 'cmake_prefix_path')
[3.538s] [34mcolcon.colcon_core.shell[0m [1;30mINFO[0m Creating environment hook '/home/yuan/arm_ws/install/openarm_bimanual_moveit_config/share/openarm_bimanual_moveit_config/hook/cmake_prefix_path.ps1'
[3.539s] [34mcolcon.colcon_core.shell[0m [1;30mINFO[0m Creating environment descriptor '/home/yuan/arm_ws/install/openarm_bimanual_moveit_config/share/openarm_bimanual_moveit_config/hook/cmake_prefix_path.dsv'
[3.539s] [34mcolcon.colcon_core.shell[0m [1;30mINFO[0m Creating environment hook '/home/yuan/arm_ws/install/openarm_bimanual_moveit_config/share/openarm_bimanual_moveit_config/hook/cmake_prefix_path.sh'
[3.540s] [34mcolcon.colcon_core.environment[0m [1;30mLevel 1[0m checking '/home/yuan/arm_ws/install/openarm_bimanual_moveit_config/bin'
[3.540s] [34mcolcon.colcon_core.environment[0m [1;30mLevel 1[0m checking '/home/yuan/arm_ws/install/openarm_bimanual_moveit_config/lib/pkgconfig/openarm_bimanual_moveit_config.pc'
[3.540s] [34mcolcon.colcon_core.environment[0m [1;30mLevel 1[0m checking '/home/yuan/arm_ws/install/openarm_bimanual_moveit_config/lib/python3.10/site-packages'
[3.540s] [34mcolcon.colcon_core.environment[0m [1;30mLevel 1[0m checking '/home/yuan/arm_ws/install/openarm_bimanual_moveit_config/bin'
[3.540s] [34mcolcon.colcon_core.shell[0m [1;30mINFO[0m Creating package script '/home/yuan/arm_ws/install/openarm_bimanual_moveit_config/share/openarm_bimanual_moveit_config/package.ps1'
[3.540s] [34mcolcon.colcon_core.shell[0m [1;30mINFO[0m Creating package descriptor '/home/yuan/arm_ws/install/openarm_bimanual_moveit_config/share/openarm_bimanual_moveit_config/package.dsv'
[3.541s] [34mcolcon.colcon_core.shell[0m [1;30mINFO[0m Creating package script '/home/yuan/arm_ws/install/openarm_bimanual_moveit_config/share/openarm_bimanual_moveit_config/package.sh'
[3.541s] [34mcolcon.colcon_core.shell[0m [1;30mINFO[0m Creating package script '/home/yuan/arm_ws/install/openarm_bimanual_moveit_config/share/openarm_bimanual_moveit_config/package.bash'
[3.541s] [34mcolcon.colcon_core.shell[0m [1;30mINFO[0m Creating package script '/home/yuan/arm_ws/install/openarm_bimanual_moveit_config/share/openarm_bimanual_moveit_config/package.zsh'
[3.542s] [34mcolcon.colcon_core.environment[0m [1;30mLevel 1[0m create_file_with_runtime_dependencies(/home/yuan/arm_ws/install/openarm_bimanual_moveit_config/share/colcon-core/packages/openarm_bimanual_moveit_config)
[3.543s] [34mcolcon.colcon_core.environment[0m [1;30mLevel 1[0m create_environment_scripts_only(openarm_bimanual_moveit_config)
[3.543s] [34mcolcon.colcon_core.environment[0m [1;30mLevel 1[0m checking '/home/yuan/arm_ws/install/openarm_bimanual_moveit_config' for CMake module files
[3.543s] [34mcolcon.colcon_core.environment[0m [1;30mLevel 1[0m checking '/home/yuan/arm_ws/install/openarm_bimanual_moveit_config' for CMake config files
[3.544s] [34mcolcon.colcon_core.shell[0m [1;30mLevel 1[0m create_environment_hook('openarm_bimanual_moveit_config', 'cmake_prefix_path')
[3.544s] [34mcolcon.colcon_core.shell[0m [1;30mINFO[0m Creating environment hook '/home/yuan/arm_ws/install/openarm_bimanual_moveit_config/share/openarm_bimanual_moveit_config/hook/cmake_prefix_path.ps1'
[3.544s] [34mcolcon.colcon_core.shell[0m [1;30mINFO[0m Creating environment descriptor '/home/yuan/arm_ws/install/openarm_bimanual_moveit_config/share/openarm_bimanual_moveit_config/hook/cmake_prefix_path.dsv'
[3.544s] [34mcolcon.colcon_core.shell[0m [1;30mINFO[0m Creating environment hook '/home/yuan/arm_ws/install/openarm_bimanual_moveit_config/share/openarm_bimanual_moveit_config/hook/cmake_prefix_path.sh'
[3.545s] [34mcolcon.colcon_core.environment[0m [1;30mLevel 1[0m checking '/home/yuan/arm_ws/install/openarm_bimanual_moveit_config/bin'
[3.545s] [34mcolcon.colcon_core.environment[0m [1;30mLevel 1[0m checking '/home/yuan/arm_ws/install/openarm_bimanual_moveit_config/lib/pkgconfig/openarm_bimanual_moveit_config.pc'
[3.545s] [34mcolcon.colcon_core.environment[0m [1;30mLevel 1[0m checking '/home/yuan/arm_ws/install/openarm_bimanual_moveit_config/lib/python3.10/site-packages'
[3.545s] [34mcolcon.colcon_core.environment[0m [1;30mLevel 1[0m checking '/home/yuan/arm_ws/install/openarm_bimanual_moveit_config/bin'
[3.545s] [34mcolcon.colcon_core.shell[0m [1;30mINFO[0m Creating package script '/home/yuan/arm_ws/install/openarm_bimanual_moveit_config/share/openarm_bimanual_moveit_config/package.ps1'
[3.545s] [34mcolcon.colcon_core.shell[0m [1;30mINFO[0m Creating package descriptor '/home/yuan/arm_ws/install/openarm_bimanual_moveit_config/share/openarm_bimanual_moveit_config/package.dsv'
[3.546s] [34mcolcon.colcon_core.shell[0m [1;30mINFO[0m Creating package script '/home/yuan/arm_ws/install/openarm_bimanual_moveit_config/share/openarm_bimanual_moveit_config/package.sh'
[3.546s] [34mcolcon.colcon_core.shell[0m [1;30mINFO[0m Creating package script '/home/yuan/arm_ws/install/openarm_bimanual_moveit_config/share/openarm_bimanual_moveit_config/package.bash'
[3.546s] [34mcolcon.colcon_core.shell[0m [1;30mINFO[0m Creating package script '/home/yuan/arm_ws/install/openarm_bimanual_moveit_config/share/openarm_bimanual_moveit_config/package.zsh'
[3.546s] [34mcolcon.colcon_core.environment[0m [1;30mLevel 1[0m create_file_with_runtime_dependencies(/home/yuan/arm_ws/install/openarm_bimanual_moveit_config/share/colcon-core/packages/openarm_bimanual_moveit_config)
[7.956s] [34mcolcon.colcon_core.event_handler.log_command[0m [1;30mDEBUG[0m [32mInvoked command in '/home/yuan/arm_ws/build/openarm_hardware' returned '0': CMAKE_PREFIX_PATH=${CMAKE_PREFIX_PATH}:/opt/ros/humble /usr/bin/cmake /home/yuan/arm_ws/src/openarm_ros2/openarm_hardware -DCMAKE_INSTALL_PREFIX=/home/yuan/arm_ws/install/openarm_hardware[0m
[7.957s] [34mcolcon.colcon_core.event_handler.log_command[0m [1;30mDEBUG[0m [32mInvoking command in '/home/yuan/arm_ws/build/openarm_hardware': CMAKE_PREFIX_PATH=${CMAKE_PREFIX_PATH}:/opt/ros/humble /usr/bin/cmake --build /home/yuan/arm_ws/build/openarm_hardware -- -j24 -l24[0m
[11.760s] [34mcolcon.colcon_core.event_handler.log_command[0m [1;30mDEBUG[0m [32mInvoked command in '/home/yuan/arm_ws/build/openarm_hardware' returned '0': CMAKE_PREFIX_PATH=${CMAKE_PREFIX_PATH}:/opt/ros/humble /usr/bin/cmake --build /home/yuan/arm_ws/build/openarm_hardware -- -j24 -l24[0m
[11.761s] [34mcolcon.colcon_core.event_handler.log_command[0m [1;30mDEBUG[0m [32mInvoking command in '/home/yuan/arm_ws/build/openarm_hardware': CMAKE_PREFIX_PATH=${CMAKE_PREFIX_PATH}:/opt/ros/humble /usr/bin/cmake --install /home/yuan/arm_ws/build/openarm_hardware[0m
[11.781s] [34mcolcon.colcon_core.environment[0m [1;30mLevel 1[0m create_environment_scripts_only(openarm_hardware)
[11.782s] [34mcolcon.colcon_core.environment[0m [1;30mLevel 1[0m checking '/home/yuan/arm_ws/install/openarm_hardware' for CMake module files
[11.782s] [34mcolcon.colcon_core.event_handler.log_command[0m [1;30mDEBUG[0m [32mInvoked command in '/home/yuan/arm_ws/build/openarm_hardware' returned '0': CMAKE_PREFIX_PATH=${CMAKE_PREFIX_PATH}:/opt/ros/humble /usr/bin/cmake --install /home/yuan/arm_ws/build/openarm_hardware[0m
[11.783s] [34mcolcon.colcon_core.environment[0m [1;30mLevel 1[0m checking '/home/yuan/arm_ws/install/openarm_hardware' for CMake config files
[11.783s] [34mcolcon.colcon_core.shell[0m [1;30mLevel 1[0m create_environment_hook('openarm_hardware', 'cmake_prefix_path')
[11.783s] [34mcolcon.colcon_core.shell[0m [1;30mINFO[0m Creating environment hook '/home/yuan/arm_ws/install/openarm_hardware/share/openarm_hardware/hook/cmake_prefix_path.ps1'
[11.784s] [34mcolcon.colcon_core.shell[0m [1;30mINFO[0m Creating environment descriptor '/home/yuan/arm_ws/install/openarm_hardware/share/openarm_hardware/hook/cmake_prefix_path.dsv'
[11.784s] [34mcolcon.colcon_core.shell[0m [1;30mINFO[0m Creating environment hook '/home/yuan/arm_ws/install/openarm_hardware/share/openarm_hardware/hook/cmake_prefix_path.sh'
[11.785s] [34mcolcon.colcon_core.environment[0m [1;30mLevel 1[0m checking '/home/yuan/arm_ws/install/openarm_hardware/lib'
[11.785s] [34mcolcon.colcon_core.shell[0m [1;30mLevel 1[0m create_environment_hook('openarm_hardware', 'ld_library_path_lib')
[11.785s] [34mcolcon.colcon_core.shell[0m [1;30mINFO[0m Creating environment hook '/home/yuan/arm_ws/install/openarm_hardware/share/openarm_hardware/hook/ld_library_path_lib.ps1'
[11.785s] [34mcolcon.colcon_core.shell[0m [1;30mINFO[0m Creating environment descriptor '/home/yuan/arm_ws/install/openarm_hardware/share/openarm_hardware/hook/ld_library_path_lib.dsv'
[11.786s] [34mcolcon.colcon_core.shell[0m [1;30mINFO[0m Creating environment hook '/home/yuan/arm_ws/install/openarm_hardware/share/openarm_hardware/hook/ld_library_path_lib.sh'
[11.786s] [34mcolcon.colcon_core.environment[0m [1;30mLevel 1[0m checking '/home/yuan/arm_ws/install/openarm_hardware/bin'
[11.786s] [34mcolcon.colcon_core.environment[0m [1;30mLevel 1[0m checking '/home/yuan/arm_ws/install/openarm_hardware/lib/pkgconfig/openarm_hardware.pc'
[11.786s] [34mcolcon.colcon_core.environment[0m [1;30mLevel 1[0m checking '/home/yuan/arm_ws/install/openarm_hardware/lib/python3.10/site-packages'
[11.786s] [34mcolcon.colcon_core.environment[0m [1;30mLevel 1[0m checking '/home/yuan/arm_ws/install/openarm_hardware/bin'
[11.787s] [34mcolcon.colcon_core.shell[0m [1;30mINFO[0m Creating package script '/home/yuan/arm_ws/install/openarm_hardware/share/openarm_hardware/package.ps1'
[11.787s] [34mcolcon.colcon_core.shell[0m [1;30mINFO[0m Creating package descriptor '/home/yuan/arm_ws/install/openarm_hardware/share/openarm_hardware/package.dsv'
[11.787s] [34mcolcon.colcon_core.shell[0m [1;30mINFO[0m Creating package script '/home/yuan/arm_ws/install/openarm_hardware/share/openarm_hardware/package.sh'
[11.787s] [34mcolcon.colcon_core.shell[0m [1;30mINFO[0m Creating package script '/home/yuan/arm_ws/install/openarm_hardware/share/openarm_hardware/package.bash'
[11.788s] [34mcolcon.colcon_core.shell[0m [1;30mINFO[0m Creating package script '/home/yuan/arm_ws/install/openarm_hardware/share/openarm_hardware/package.zsh'
[11.788s] [34mcolcon.colcon_core.environment[0m [1;30mLevel 1[0m create_file_with_runtime_dependencies(/home/yuan/arm_ws/install/openarm_hardware/share/colcon-core/packages/openarm_hardware)
[11.789s] [34mcolcon.colcon_core.environment[0m [1;30mLevel 1[0m create_environment_scripts_only(openarm_hardware)
[11.789s] [34mcolcon.colcon_core.environment[0m [1;30mLevel 1[0m checking '/home/yuan/arm_ws/install/openarm_hardware' for CMake module files
[11.790s] [34mcolcon.colcon_core.environment[0m [1;30mLevel 1[0m checking '/home/yuan/arm_ws/install/openarm_hardware' for CMake config files
[11.790s] [34mcolcon.colcon_core.shell[0m [1;30mLevel 1[0m create_environment_hook('openarm_hardware', 'cmake_prefix_path')
[11.790s] [34mcolcon.colcon_core.shell[0m [1;30mINFO[0m Creating environment hook '/home/yuan/arm_ws/install/openarm_hardware/share/openarm_hardware/hook/cmake_prefix_path.ps1'
[11.790s] [34mcolcon.colcon_core.shell[0m [1;30mINFO[0m Creating environment descriptor '/home/yuan/arm_ws/install/openarm_hardware/share/openarm_hardware/hook/cmake_prefix_path.dsv'
[11.791s] [34mcolcon.colcon_core.shell[0m [1;30mINFO[0m Creating environment hook '/home/yuan/arm_ws/install/openarm_hardware/share/openarm_hardware/hook/cmake_prefix_path.sh'
[11.791s] [34mcolcon.colcon_core.environment[0m [1;30mLevel 1[0m checking '/home/yuan/arm_ws/install/openarm_hardware/lib'
[11.791s] [34mcolcon.colcon_core.shell[0m [1;30mLevel 1[0m create_environment_hook('openarm_hardware', 'ld_library_path_lib')
[11.791s] [34mcolcon.colcon_core.shell[0m [1;30mINFO[0m Creating environment hook '/home/yuan/arm_ws/install/openarm_hardware/share/openarm_hardware/hook/ld_library_path_lib.ps1'
[11.791s] [34mcolcon.colcon_core.shell[0m [1;30mINFO[0m Creating environment descriptor '/home/yuan/arm_ws/install/openarm_hardware/share/openarm_hardware/hook/ld_library_path_lib.dsv'
[11.792s] [34mcolcon.colcon_core.shell[0m [1;30mINFO[0m Creating environment hook '/home/yuan/arm_ws/install/openarm_hardware/share/openarm_hardware/hook/ld_library_path_lib.sh'
[11.792s] [34mcolcon.colcon_core.environment[0m [1;30mLevel 1[0m checking '/home/yuan/arm_ws/install/openarm_hardware/bin'
[11.792s] [34mcolcon.colcon_core.environment[0m [1;30mLevel 1[0m checking '/home/yuan/arm_ws/install/openarm_hardware/lib/pkgconfig/openarm_hardware.pc'
[11.792s] [34mcolcon.colcon_core.environment[0m [1;30mLevel 1[0m checking '/home/yuan/arm_ws/install/openarm_hardware/lib/python3.10/site-packages'
[11.792s] [34mcolcon.colcon_core.environment[0m [1;30mLevel 1[0m checking '/home/yuan/arm_ws/install/openarm_hardware/bin'
[11.793s] [34mcolcon.colcon_core.shell[0m [1;30mINFO[0m Creating package script '/home/yuan/arm_ws/install/openarm_hardware/share/openarm_hardware/package.ps1'
[11.793s] [34mcolcon.colcon_core.shell[0m [1;30mINFO[0m Creating package descriptor '/home/yuan/arm_ws/install/openarm_hardware/share/openarm_hardware/package.dsv'
[11.793s] [34mcolcon.colcon_core.shell[0m [1;30mINFO[0m Creating package script '/home/yuan/arm_ws/install/openarm_hardware/share/openarm_hardware/package.sh'
[11.794s] [34mcolcon.colcon_core.shell[0m [1;30mINFO[0m Creating package script '/home/yuan/arm_ws/install/openarm_hardware/share/openarm_hardware/package.bash'
[11.794s] [34mcolcon.colcon_core.shell[0m [1;30mINFO[0m Creating package script '/home/yuan/arm_ws/install/openarm_hardware/share/openarm_hardware/package.zsh'
[11.794s] [34mcolcon.colcon_core.environment[0m [1;30mLevel 1[0m create_file_with_runtime_dependencies(/home/yuan/arm_ws/install/openarm_hardware/share/colcon-core/packages/openarm_hardware)
[11.795s] [34mcolcon.colcon_ros.task.ament_cmake.build[0m [1;30mINFO[0m Building ROS package in '/home/yuan/arm_ws/src/openarm_ros2/openarm' with build type 'ament_cmake'
[11.795s] [34mcolcon.colcon_cmake.task.cmake.build[0m [1;30mINFO[0m Building CMake package in '/home/yuan/arm_ws/src/openarm_ros2/openarm'
[11.795s] [34mcolcon.colcon_core.shell[0m [1;30mINFO[0m Skip shell extension 'powershell' for command environment: Not usable outside of PowerShell
[11.795s] [34mcolcon.colcon_core.shell[0m [1;30mDEBUG[0m [32mSkip shell extension 'dsv' for command environment[0m
[12.263s] [34mcolcon.colcon_core.event_handler.log_command[0m [1;30mDEBUG[0m [32mInvoking command in '/home/yuan/arm_ws/build/openarm': AMENT_PREFIX_PATH=/home/yuan/arm_ws/install/openarm_hardware:/home/yuan/arm_ws/install/openarm_bringup:${AMENT_PREFIX_PATH} CMAKE_PREFIX_PATH=/home/yuan/arm_ws/install/openarm_hardware:/home/yuan/arm_ws/install/openarm_description:/home/yuan/arm_ws/install/openarm_bringup:/opt/ros/humble LD_LIBRARY_PATH=/home/yuan/arm_ws/install/openarm_hardware/lib:/usr/local/cuda-12.6/lib64:/opt/ros/humble/opt/rviz_ogre_vendor/lib:/opt/ros/humble/lib/x86_64-linux-gnu:/opt/ros/humble/lib:/usr/local/cuda-12.6/lib64 /usr/bin/cmake /home/yuan/arm_ws/src/openarm_ros2/openarm -DCMAKE_INSTALL_PREFIX=/home/yuan/arm_ws/install/openarm[0m
[14.637s] [34mcolcon.colcon_core.event_handler.log_command[0m [1;30mDEBUG[0m [32mInvoked command in '/home/yuan/arm_ws/build/openarm' returned '0': AMENT_PREFIX_PATH=/home/yuan/arm_ws/install/openarm_hardware:/home/yuan/arm_ws/install/openarm_bringup:${AMENT_PREFIX_PATH} CMAKE_PREFIX_PATH=/home/yuan/arm_ws/install/openarm_hardware:/home/yuan/arm_ws/install/openarm_description:/home/yuan/arm_ws/install/openarm_bringup:/opt/ros/humble LD_LIBRARY_PATH=/home/yuan/arm_ws/install/openarm_hardware/lib:/usr/local/cuda-12.6/lib64:/opt/ros/humble/opt/rviz_ogre_vendor/lib:/opt/ros/humble/lib/x86_64-linux-gnu:/opt/ros/humble/lib:/usr/local/cuda-12.6/lib64 /usr/bin/cmake /home/yuan/arm_ws/src/openarm_ros2/openarm -DCMAKE_INSTALL_PREFIX=/home/yuan/arm_ws/install/openarm[0m
[14.638s] [34mcolcon.colcon_core.event_handler.log_command[0m [1;30mDEBUG[0m [32mInvoking command in '/home/yuan/arm_ws/build/openarm': AMENT_PREFIX_PATH=/home/yuan/arm_ws/install/openarm_hardware:/home/yuan/arm_ws/install/openarm_bringup:${AMENT_PREFIX_PATH} CMAKE_PREFIX_PATH=/home/yuan/arm_ws/install/openarm_hardware:/home/yuan/arm_ws/install/openarm_description:/home/yuan/arm_ws/install/openarm_bringup:/opt/ros/humble LD_LIBRARY_PATH=/home/yuan/arm_ws/install/openarm_hardware/lib:/usr/local/cuda-12.6/lib64:/opt/ros/humble/opt/rviz_ogre_vendor/lib:/opt/ros/humble/lib/x86_64-linux-gnu:/opt/ros/humble/lib:/usr/local/cuda-12.6/lib64 /usr/bin/cmake --build /home/yuan/arm_ws/build/openarm -- -j24 -l24[0m
[14.674s] [34mcolcon.colcon_core.event_handler.log_command[0m [1;30mDEBUG[0m [32mInvoked command in '/home/yuan/arm_ws/build/openarm' returned '0': AMENT_PREFIX_PATH=/home/yuan/arm_ws/install/openarm_hardware:/home/yuan/arm_ws/install/openarm_bringup:${AMENT_PREFIX_PATH} CMAKE_PREFIX_PATH=/home/yuan/arm_ws/install/openarm_hardware:/home/yuan/arm_ws/install/openarm_description:/home/yuan/arm_ws/install/openarm_bringup:/opt/ros/humble LD_LIBRARY_PATH=/home/yuan/arm_ws/install/openarm_hardware/lib:/usr/local/cuda-12.6/lib64:/opt/ros/humble/opt/rviz_ogre_vendor/lib:/opt/ros/humble/lib/x86_64-linux-gnu:/opt/ros/humble/lib:/usr/local/cuda-12.6/lib64 /usr/bin/cmake --build /home/yuan/arm_ws/build/openarm -- -j24 -l24[0m
[14.676s] [34mcolcon.colcon_core.event_handler.log_command[0m [1;30mDEBUG[0m [32mInvoking command in '/home/yuan/arm_ws/build/openarm': AMENT_PREFIX_PATH=/home/yuan/arm_ws/install/openarm_hardware:/home/yuan/arm_ws/install/openarm_bringup:${AMENT_PREFIX_PATH} CMAKE_PREFIX_PATH=/home/yuan/arm_ws/install/openarm_hardware:/home/yuan/arm_ws/install/openarm_description:/home/yuan/arm_ws/install/openarm_bringup:/opt/ros/humble LD_LIBRARY_PATH=/home/yuan/arm_ws/install/openarm_hardware/lib:/usr/local/cuda-12.6/lib64:/opt/ros/humble/opt/rviz_ogre_vendor/lib:/opt/ros/humble/lib/x86_64-linux-gnu:/opt/ros/humble/lib:/usr/local/cuda-12.6/lib64 /usr/bin/cmake --install /home/yuan/arm_ws/build/openarm[0m
[14.690s] [34mcolcon.colcon_core.environment[0m [1;30mLevel 1[0m create_environment_scripts_only(openarm)
[14.691s] [34mcolcon.colcon_core.environment[0m [1;30mLevel 1[0m checking '/home/yuan/arm_ws/install/openarm' for CMake module files
[14.691s] [34mcolcon.colcon_core.event_handler.log_command[0m [1;30mDEBUG[0m [32mInvoked command in '/home/yuan/arm_ws/build/openarm' returned '0': AMENT_PREFIX_PATH=/home/yuan/arm_ws/install/openarm_hardware:/home/yuan/arm_ws/install/openarm_bringup:${AMENT_PREFIX_PATH} CMAKE_PREFIX_PATH=/home/yuan/arm_ws/install/openarm_hardware:/home/yuan/arm_ws/install/openarm_description:/home/yuan/arm_ws/install/openarm_bringup:/opt/ros/humble LD_LIBRARY_PATH=/home/yuan/arm_ws/install/openarm_hardware/lib:/usr/local/cuda-12.6/lib64:/opt/ros/humble/opt/rviz_ogre_vendor/lib:/opt/ros/humble/lib/x86_64-linux-gnu:/opt/ros/humble/lib:/usr/local/cuda-12.6/lib64 /usr/bin/cmake --install /home/yuan/arm_ws/build/openarm[0m
[14.692s] [34mcolcon.colcon_core.environment[0m [1;30mLevel 1[0m checking '/home/yuan/arm_ws/install/openarm' for CMake config files
[14.692s] [34mcolcon.colcon_core.shell[0m [1;30mLevel 1[0m create_environment_hook('openarm', 'cmake_prefix_path')
[14.692s] [34mcolcon.colcon_core.shell[0m [1;30mINFO[0m Creating environment hook '/home/yuan/arm_ws/install/openarm/share/openarm/hook/cmake_prefix_path.ps1'
[14.693s] [34mcolcon.colcon_core.shell[0m [1;30mINFO[0m Creating environment descriptor '/home/yuan/arm_ws/install/openarm/share/openarm/hook/cmake_prefix_path.dsv'
[14.693s] [34mcolcon.colcon_core.shell[0m [1;30mINFO[0m Creating environment hook '/home/yuan/arm_ws/install/openarm/share/openarm/hook/cmake_prefix_path.sh'
[14.693s] [34mcolcon.colcon_core.environment[0m [1;30mLevel 1[0m checking '/home/yuan/arm_ws/install/openarm/bin'
[14.693s] [34mcolcon.colcon_core.environment[0m [1;30mLevel 1[0m checking '/home/yuan/arm_ws/install/openarm/lib/pkgconfig/openarm.pc'
[14.694s] [34mcolcon.colcon_core.environment[0m [1;30mLevel 1[0m checking '/home/yuan/arm_ws/install/openarm/lib/python3.10/site-packages'
[14.694s] [34mcolcon.colcon_core.environment[0m [1;30mLevel 1[0m checking '/home/yuan/arm_ws/install/openarm/bin'
[14.694s] [34mcolcon.colcon_core.shell[0m [1;30mINFO[0m Creating package script '/home/yuan/arm_ws/install/openarm/share/openarm/package.ps1'
[14.694s] [34mcolcon.colcon_core.shell[0m [1;30mINFO[0m Creating package descriptor '/home/yuan/arm_ws/install/openarm/share/openarm/package.dsv'
[14.695s] [34mcolcon.colcon_core.shell[0m [1;30mINFO[0m Creating package script '/home/yuan/arm_ws/install/openarm/share/openarm/package.sh'
[14.695s] [34mcolcon.colcon_core.shell[0m [1;30mINFO[0m Creating package script '/home/yuan/arm_ws/install/openarm/share/openarm/package.bash'
[14.695s] [34mcolcon.colcon_core.shell[0m [1;30mINFO[0m Creating package script '/home/yuan/arm_ws/install/openarm/share/openarm/package.zsh'
[14.695s] [34mcolcon.colcon_core.environment[0m [1;30mLevel 1[0m create_file_with_runtime_dependencies(/home/yuan/arm_ws/install/openarm/share/colcon-core/packages/openarm)
[14.696s] [34mcolcon.colcon_core.environment[0m [1;30mLevel 1[0m create_environment_scripts_only(openarm)
[14.696s] [34mcolcon.colcon_core.environment[0m [1;30mLevel 1[0m checking '/home/yuan/arm_ws/install/openarm' for CMake module files
[14.697s] [34mcolcon.colcon_core.environment[0m [1;30mLevel 1[0m checking '/home/yuan/arm_ws/install/openarm' for CMake config files
[14.697s] [34mcolcon.colcon_core.shell[0m [1;30mLevel 1[0m create_environment_hook('openarm', 'cmake_prefix_path')
[14.697s] [34mcolcon.colcon_core.shell[0m [1;30mINFO[0m Creating environment hook '/home/yuan/arm_ws/install/openarm/share/openarm/hook/cmake_prefix_path.ps1'
[14.697s] [34mcolcon.colcon_core.shell[0m [1;30mINFO[0m Creating environment descriptor '/home/yuan/arm_ws/install/openarm/share/openarm/hook/cmake_prefix_path.dsv'
[14.698s] [34mcolcon.colcon_core.shell[0m [1;30mINFO[0m Creating environment hook '/home/yuan/arm_ws/install/openarm/share/openarm/hook/cmake_prefix_path.sh'
[14.698s] [34mcolcon.colcon_core.environment[0m [1;30mLevel 1[0m checking '/home/yuan/arm_ws/install/openarm/bin'
[14.698s] [34mcolcon.colcon_core.environment[0m [1;30mLevel 1[0m checking '/home/yuan/arm_ws/install/openarm/lib/pkgconfig/openarm.pc'
[14.698s] [34mcolcon.colcon_core.environment[0m [1;30mLevel 1[0m checking '/home/yuan/arm_ws/install/openarm/lib/python3.10/site-packages'
[14.698s] [34mcolcon.colcon_core.environment[0m [1;30mLevel 1[0m checking '/home/yuan/arm_ws/install/openarm/bin'
[14.698s] [34mcolcon.colcon_core.shell[0m [1;30mINFO[0m Creating package script '/home/yuan/arm_ws/install/openarm/share/openarm/package.ps1'
[14.699s] [34mcolcon.colcon_core.shell[0m [1;30mINFO[0m Creating package descriptor '/home/yuan/arm_ws/install/openarm/share/openarm/package.dsv'
[14.699s] [34mcolcon.colcon_core.shell[0m [1;30mINFO[0m Creating package script '/home/yuan/arm_ws/install/openarm/share/openarm/package.sh'
[14.699s] [34mcolcon.colcon_core.shell[0m [1;30mINFO[0m Creating package script '/home/yuan/arm_ws/install/openarm/share/openarm/package.bash'
[14.700s] [34mcolcon.colcon_core.shell[0m [1;30mINFO[0m Creating package script '/home/yuan/arm_ws/install/openarm/share/openarm/package.zsh'
[14.700s] [34mcolcon.colcon_core.environment[0m [1;30mLevel 1[0m create_file_with_runtime_dependencies(/home/yuan/arm_ws/install/openarm/share/colcon-core/packages/openarm)
[14.700s] [34mcolcon.colcon_parallel_executor.executor.parallel[0m [1;30mDEBUG[0m [32mclosing loop[0m
[14.701s] [34mcolcon.colcon_parallel_executor.executor.parallel[0m [1;30mDEBUG[0m [32mloop closed[0m
[14.701s] [34mcolcon.colcon_parallel_executor.executor.parallel[0m [1;30mDEBUG[0m [32mrun_until_complete finished with '0'[0m
[14.701s] [34mcolcon.colcon_core.event_reactor[0m [1;30mDEBUG[0m [32mjoining thread[0m
[14.711s] [34mcolcon.colcon_core.plugin_system[0m [1;30mINFO[0m Skipping extension 'colcon_notification.desktop_notification.terminal_notifier': Not used on non-Darwin systems
[14.711s] [34mcolcon.colcon_core.plugin_system[0m [1;30mINFO[0m Skipping extension 'colcon_notification.desktop_notification.win32': Not used on non-Windows systems
[14.711s] [34mcolcon.colcon_notification.desktop_notification[0m [1;30mINFO[0m Sending desktop notification using 'notify2'
[14.717s] [34mcolcon.colcon_core.event_reactor[0m [1;30mDEBUG[0m [32mjoined thread[0m
[14.717s] [34mcolcon.colcon_core.shell[0m [1;30mINFO[0m Creating prefix script '/home/yuan/arm_ws/install/local_setup.ps1'
[14.718s] [34mcolcon.colcon_core.shell[0m [1;30mINFO[0m Creating prefix util module '/home/yuan/arm_ws/install/_local_setup_util_ps1.py'
[14.719s] [34mcolcon.colcon_core.shell[0m [1;30mINFO[0m Creating prefix chain script '/home/yuan/arm_ws/install/setup.ps1'
[14.720s] [34mcolcon.colcon_core.shell[0m [1;30mINFO[0m Creating prefix script '/home/yuan/arm_ws/install/local_setup.sh'
[14.721s] [34mcolcon.colcon_core.shell[0m [1;30mINFO[0m Creating prefix util module '/home/yuan/arm_ws/install/_local_setup_util_sh.py'
[14.721s] [34mcolcon.colcon_core.shell[0m [1;30mINFO[0m Creating prefix chain script '/home/yuan/arm_ws/install/setup.sh'
[14.722s] [34mcolcon.colcon_core.shell[0m [1;30mINFO[0m Creating prefix script '/home/yuan/arm_ws/install/local_setup.bash'
[14.723s] [34mcolcon.colcon_core.shell[0m [1;30mINFO[0m Creating prefix chain script '/home/yuan/arm_ws/install/setup.bash'
[14.724s] [34mcolcon.colcon_core.shell[0m [1;30mINFO[0m Creating prefix script '/home/yuan/arm_ws/install/local_setup.zsh'
[14.724s] [34mcolcon.colcon_core.shell[0m [1;30mINFO[0m Creating prefix chain script '/home/yuan/arm_ws/install/setup.zsh'
